timestamp,lidar_pose.x,lidar_pose.y,lidar_pose.z,lidar_pose.roll,lidar_pose.pitch,lidar_pose.yaw
0,-0.0047840298,-0.0733742948,-0.3339968065,-2.8704989396,-1.5640598203,-1.8499362208
1,-0.0186248585,-0.1015307655,0.8649884308,-2.7822224903,-1.5637239159,-1.9389303020
2,-0.0323063323,-0.1293625230,2.0501589470,-2.7035740351,-1.5633250247,-2.0182880650
3,-0.0460602720,-0.1573411013,3.2415934591,-2.6328020659,-1.5628934281,-2.0897728181
4,-0.0598168395,-0.1853244498,4.4332440658,-2.5697220581,-1.5624235200,-2.1535657707
5,-0.0736119755,-0.2133857315,5.6282236993,-2.5134594043,-1.5619320289,-2.2105432326
6,-0.0873552447,-0.2413407480,6.8186975125,-2.4636022479,-1.5614025321,-2.2611123828
7,-0.1011234173,-0.2693459393,8.0113163656,-2.4191130369,-1.5608600025,-2.3063148130
8,-0.1148770368,-0.2973208536,9.2026663632,-2.3794458094,-1.5602879980,-2.3466942738
9,-0.1286330869,-0.3253000188,10.3942124222,-2.3439393369,-1.5597088588,-2.3829131312
10,-0.1423887230,-0.3532777518,11.5857105788,-2.3120695030,-1.5591151201,-2.4154951465
11,-0.1561511549,-0.3812685213,12.7777787926,-2.2833604841,-1.5585169483,-2.4449166557
12,-0.1698169895,-0.4091180913,13.9693390999,-2.2574969630,-1.5579407155,-2.4713557366
13,-0.1843042891,-0.4381304883,15.1624222878,-2.2340918784,-1.5569898817,-2.4965394605
14,-0.1973932937,-0.4651720286,16.3534155821,-2.2115745647,-1.5566623457,-2.5187831887
15,-0.2102569601,-0.4919919833,17.5468986292,-2.1687565231,-1.5563629559,-2.5610289940
16,-0.2239622518,-0.5180581382,18.7425172052,-2.1273068893,-1.5561693555,-2.6021383894
17,-0.2389735870,-0.5441822286,19.9360087809,-2.1550122109,-1.5550882415,-2.5746702104
18,-0.2546499071,-0.5701034239,21.1304228044,-2.1914885736,-1.5541034749,-2.5379366915
19,-0.2720310378,-0.5972635278,22.3246147046,-2.1358156887,-1.5537470037,-2.5942104073
20,-0.2898343040,-0.6252927981,23.5187532982,-2.1081686549,-1.5531961317,-2.6220911679
21,-0.3078530538,-0.6535395081,24.7125770616,-2.1193779913,-1.5520194005,-2.6108889099
22,-0.3278314370,-0.6794026925,25.9088608062,-2.0827091365,-1.5514616383,-2.6478162650
23,-0.3474311863,-0.7060914953,27.1075994193,-1.9640913810,-1.5517404642,-2.7655537352
24,-0.3676339962,-0.7297850922,28.3030553145,-1.9372484193,-1.5509782634,-2.7917482809
25,-0.3887311616,-0.7551904018,29.4941358618,-1.9848793402,-1.5497217544,-2.7435018745
26,-0.4104243163,-0.7812200518,30.6937191470,-2.0002847863,-1.5484950541,-2.7275786934
27,-0.4346441304,-0.8081443522,31.8977091322,-1.9875932861,-1.5478065437,-2.7406801298
28,-0.4583273909,-0.8359383519,33.0860609205,-1.9543753093,-1.5474052853,-2.7734221792
29,-0.4831386492,-0.8643681962,34.2806411918,-1.9342482662,-1.5468974152,-2.7933003177
30,-0.5080395138,-0.8910752296,35.4784087073,-1.9237780004,-1.5464600877,-2.8030117082
31,-0.5347324830,-0.9185849794,36.6751296317,-1.9159469714,-1.5458975961,-2.8109080655
32,-0.5606368062,-0.9464407674,37.8727877345,-1.8936926348,-1.5458679819,-2.8322821275
33,-0.5883981946,-0.9734866443,39.0714655069,-1.8480684473,-1.5462992064,-2.8780267128
34,-0.6161916084,-1.0005459934,40.2684838213,-1.8123487103,-1.5466703682,-2.9142067322
35,-0.6447288627,-1.0266734150,41.4647218331,-1.8302829654,-1.5466205406,-2.8970710500
36,-0.6738606365,-1.0511397291,42.6619233367,-1.8358741611,-1.5466937843,-2.8923098473
37,-0.7065848223,-1.0744062280,43.8617387848,-1.7809402027,-1.5474657816,-2.9502046524
38,-0.7349881393,-1.0953986071,45.0619688982,-1.6516740171,-1.5494591086,-3.0797198103
39,-0.7614840217,-1.1133852523,46.2626632503,-1.5182060181,-1.5512070333,3.0694507208
40,-0.7848204371,-1.1282438574,47.4682847789,-1.3316394869,-1.5524282985,2.8826179694
41,-0.8058079050,-1.1418317747,48.6714987729,-1.1978008791,-1.5530014446,2.7490981692
42,-0.8231528364,-1.1510227068,49.8703079871,-1.2619466969,-1.5549843197,2.8149009567
43,-0.8418292937,-1.1617136285,51.0712211957,-1.3933436525,-1.5566060795,2.9457971360
44,-0.8613584080,-1.1746171549,52.2724675786,-1.3960224096,-1.5574321914,2.9473195278
45,-0.8772157421,-1.1888163186,53.4778529651,-1.4290354512,-1.5575641896,2.9813032084
46,-0.8944139837,-1.2038302413,54.6817480741,-1.4876983591,-1.5569241869,3.0406353432
47,-0.9129004997,-1.2190829150,55.8868124286,-1.5008885326,-1.5553959804,3.0536689384
48,-0.9337635421,-1.2371262673,57.0944273903,-1.4198612073,-1.5536869596,2.9726400335
49,-0.9564252317,-1.2522226058,58.2993064703,-1.4078703864,-1.5526727403,2.9606631248
50,-0.9814371745,-1.2667554508,59.5052357364,-1.4299855085,-1.5518803665,2.9818237152
51,-1.0065069405,-1.2820361887,60.7087463094,-1.4420454082,-1.5511957979,2.9934951586
52,-1.0308123358,-1.2975757692,61.9122450878,-1.4704608182,-1.5510981268,3.0225510247
53,-1.0533816922,-1.3134185044,63.1140121913,-1.5197743197,-1.5509818827,3.0731488645
54,-1.0778438100,-1.3279500460,64.3141640091,-1.4745543609,-1.5505484364,3.0283612546
55,-1.1024873193,-1.3440795234,65.5171818350,-1.3712121186,-1.5499647641,2.9250486107
56,-1.1287644210,-1.3576068428,66.7142806115,-1.4423722916,-1.5499277537,2.9957552405
57,-1.1569926259,-1.3698471588,67.9076101982,-1.5245991190,-1.5500223806,3.0764552602
58,-1.1863753800,-1.3853851479,69.1018197554,-1.5189281328,-1.5499179029,3.0686235841
59,-1.2149163264,-1.4007217815,70.2927267622,-1.5080141102,-1.5499538240,3.0559029054
60,-1.2430191721,-1.4156489671,71.4826006376,-1.4856973435,-1.5501113298,3.0319362326
61,-1.2687155280,-1.4322415394,72.6688605750,-1.4344141548,-1.5509512317,2.9802466840
62,-1.2938006673,-1.4481505195,73.8542037633,-1.3856825443,-1.5528676329,2.9298373030
63,-1.3120531384,-1.4665475916,75.0321979909,-1.3990992683,-1.5556178581,2.9438152476
64,-1.3224465273,-1.4821073095,76.2070368060,-1.7951949260,-1.5579598716,-2.9398212740
65,-1.3340840501,-1.5011027086,77.3824258897,-1.9935946266,-1.5597961680,-2.7419973713
66,-1.3420415397,-1.5241083506,78.5610254109,-1.6515057642,-1.5635841852,-3.0833940556
67,-1.3461503690,-1.5444878466,79.7350167131,-1.2230746659,-1.5666303522,2.7712525227
68,-1.3488611376,-1.5610269703,80.9009801403,2.9886163388,-1.5701414272,-1.4408982222
69,-1.3433096105,-1.5804432967,82.0654020287,2.2992945382,-1.5659379534,-0.7507019895
70,-1.3325427750,-1.6033724993,83.2240228557,2.3547672579,-1.5608194620,-0.8047730808
71,-1.3189789098,-1.6281720104,84.3834126445,2.2329534199,-1.5576482083,-0.6821082057
72,-1.3039038884,-1.6539222223,85.5430985803,1.9835798442,-1.5555479097,-0.4325590852
73,-1.2853937678,-1.6787018555,86.6973902886,1.8513397627,-1.5522859273,-0.3014351899
74,-1.2606032837,-1.7035288802,87.8499571698,1.9011998230,-1.5480661312,-0.3509581232
75,-1.2312136030,-1.7281593718,88.9993456569,1.9500127588,-1.5440678631,-0.3994291645
76,-1.1983817693,-1.7550249179,90.1494461547,1.9199047332,-1.5408937047,-0.3694088380
77,-1.1606257446,-1.7826988632,91.3026877739,1.8533904784,-1.5385726073,-0.3015684076
78,-1.1191260529,-1.8088113427,92.4575691112,1.7935483192,-1.5362235055,-0.2409978171
79,-1.0742502139,-1.8339998548,93.6135916796,1.7275710300,-1.5339031606,-0.1742405219
80,-1.0250889958,-1.8588152683,94.7692096517,1.6885495634,-1.5316519460,-0.1341192918
81,-0.9735982191,-1.8825758477,95.9218514077,1.7337819261,-1.5290656594,-0.1780213793
82,-0.9177963478,-1.9067214394,97.0794219910,1.8052921475,-1.5261553738,-0.2479950484
83,-0.8619708924,-1.9327112339,98.2382904740,1.8587994522,-1.5233205029,-0.3017839315
84,-0.8035652248,-1.9620933976,99.4057126783,1.8688303525,-1.5214615462,-0.3119364481
85,-0.7450834826,-1.9931129158,100.5801894579,1.8532290789,-1.5210688243,-0.2964088639
86,-0.6870240277,-2.0243553617,101.7609168515,1.8178075608,-1.5223417883,-0.2612321615
87,-0.6287049983,-2.0549684775,102.9451025296,1.7922277689,-1.5240605688,-0.2350046215
88,-0.5709117546,-2.0849652497,104.1363088034,1.7882530862,-1.5261603023,-0.2313222055
89,-0.5172790583,-2.1134070333,105.3342034628,1.7876641750,-1.5286917402,-0.2308888803
90,-0.4668572031,-2.1420217763,106.5334450152,1.8056378202,-1.5317119487,-0.2493383935
91,-0.4227592092,-2.1704543011,107.7380593612,1.8386895072,-1.5352704698,-0.2838367246
92,-0.3811953473,-2.1992420666,108.9447095965,1.8666634185,-1.5390699753,-0.3119472685
93,-0.3438615344,-2.2294683570,110.1577303802,1.8720592763,-1.5432696182,-0.3179975389
94,-0.3118857569,-2.2585604295,111.3734311856,1.8956793271,-1.5476341190,-0.3418031809
95,-0.2845556965,-2.2865537487,112.5898315493,1.9363932484,-1.5520690783,-0.3826665918
96,-0.2640920690,-2.3133675333,113.8085948509,2.0472275933,-1.5565078164,-0.4938707151
97,-0.2502768135,-2.3410350100,115.0288514477,2.2750245713,-1.5606129784,-0.7224831609
98,-0.2411776721,-2.3699732788,116.2519938406,2.7569989993,-1.5633240769,-1.2049569184
99,-0.2381879936,-2.4005269585,117.4775236618,-2.9042842947,-1.5630006761,-1.8277315536
100,-0.2418115040,-2.4308514156,118.7057848322,-2.5339290981,-1.5611401266,-2.1999133716
101,-0.2504270075,-2.4610578533,119.9372909892,-2.3650952204,-1.5599052190,-2.3710866584
102,-0.2599604833,-2.4902372866,121.1671669952,-2.3248196900,-1.5590062288,-2.4123118653
103,-0.2732033567,-2.5175789321,122.4082932633,-2.2417797872,-1.5584386310,-2.4974786802
104,-0.2868686539,-2.5448305744,123.6488755978,-2.1193874045,-1.5582527375,-2.6212765028
105,-0.3000629140,-2.5722415468,124.8900714649,-2.0925281177,-1.5575807513,-2.6481717921
106,-0.3198222825,-2.5954889720,126.1362926106,-1.9507723405,-1.5575007359,-2.7931889131
107,-0.3390114428,-2.6181324415,127.3865079529,-1.7257787605,-1.5576152527,-3.0197950856
108,-0.3558054821,-2.6363174298,128.6362453698,-1.6812991921,-1.5569018088,-3.0632416093
109,-0.3728403304,-2.6525140449,129.8863020572,-1.8075665605,-1.5560961092,-2.9366892042
110,-0.3864994380,-2.6708116781,131.1418555654,-1.7505326484,-1.5555166429,-2.9909958829
111,-0.3990636885,-2.6901120301,132.3999017884,-1.6197077783,-1.5546762305,-3.1194533785
112,-0.4145072860,-2.7072961007,133.6624445949,-1.5041494593,-1.5543228355,3.0509756944
113,-0.4308110436,-2.7227020119,134.9259863353,-1.3966566104,-1.5537575961,2.9452575764
114,-0.4444831733,-2.7359800443,136.1891397561,-1.5089204000,-1.5541170839,3.0618863904
115,-0.4574416973,-2.7513593777,137.4559131940,-1.6093063679,-1.5541370401,-3.1182628149
116,-0.4723859681,-2.7685758412,138.7232121197,-1.6105083901,-1.5543215202,-3.1154750948
117,-0.4912311479,-2.7868177858,139.9970436428,-1.5852426204,-1.5545975418,-3.1406928803
118,-0.5106292357,-2.8042261656,141.2725782481,-1.4714951515,-1.5552006154,3.0283812263
119,-0.5327648603,-2.8207970696,142.5469102044,-1.3538319831,-1.5555788496,2.9081049231
120,-0.5514506419,-2.8359236399,143.8196492721,-1.3987297910,-1.5563124237,2.9529236378
121,-0.5695692066,-2.8508762901,145.0905512095,-1.5799753305,-1.5569744852,3.1338542515
122,-0.5878365537,-2.8696600875,146.3602959465,-1.7333578132,-1.5572440745,-2.9961158023
123,-0.6031654307,-2.8923231256,147.6270913789,-2.0201140719,-1.5562935041,-2.7080952486
124,-0.6201700063,-2.9168387200,148.8927376351,-2.2345274547,-1.5549152580,-2.4937844278
125,-0.6362499895,-2.9469741108,150.1580570599,-2.2950521847,-1.5543378951,-2.4330193007
126,-0.6510498976,-2.9808041183,151.4218848211,-2.2733031397,-1.5545171766,-2.4545931281
127,-0.6687278534,-3.0118774967,152.6905095757,-2.2582399107,-1.5547639054,-2.4703006267
128,-0.6859763120,-3.0424782303,153.9540968750,-2.1873193008,-1.5552888563,-2.5420282841
129,-0.7052271562,-3.0703712281,155.2191374734,-2.1478408176,-1.5553905145,-2.5819736139
130,-0.7228216017,-3.0975529559,156.4827183507,-2.1431692351,-1.5547944480,-2.5869137841
131,-0.7415348738,-3.1244333052,157.7436301843,-2.1136596553,-1.5543392043,-2.6167412424
132,-0.7592719805,-3.1524393653,159.0081103611,-2.0347523816,-1.5542526085,-2.6950838787
133,-0.7794925960,-3.1805293675,160.2696319709,-2.0018560428,-1.5537820449,-2.7288465477
134,-0.7997584490,-3.2081483402,161.5299630720,-2.0359324959,-1.5528312697,-2.6950608256
135,-0.8215635716,-3.2348591279,162.7919826905,-2.0690329402,-1.5516050213,-2.6624115591
136,-0.8452538337,-3.2637454482,164.0560829799,-2.0543565993,-1.5510638670,-2.6779251717
137,-0.8677686581,-3.2941417228,165.3176340795,-2.0691824881,-1.5501706855,-2.6627856098
138,-0.8914999423,-3.3242246157,166.5799475525,-2.1007144259,-1.5488860675,-2.6315191857
139,-0.9156409546,-3.3546576657,167.8421592797,-2.0809498786,-1.5484231047,-2.6514569417
140,-0.9413045365,-3.3863776845,169.1071623453,-2.0097460825,-1.5484010574,-2.7229947727
141,-0.9675140711,-3.4171833532,170.3704969809,-1.9777714140,-1.5479068761,-2.7550367908
142,-0.9948414940,-3.4465320276,171.6365193556,-1.9555574333,-1.5474183468,-2.7776096062
143,-1.0231822056,-3.4752508048,172.9001460485,-1.9309100007,-1.5468690622,-2.8026891615
144,-1.0523237412,-3.5044692829,174.1640902951,-1.9524171754,-1.5460354300,-2.7813990263
145,-1.0817704567,-3.5335540467,175.4247411534,-1.9716240904,-1.5453741198,-2.7632308666
146,-1.1104485282,-3.5644198746,176.6921789003,-1.9471532044,-1.5451789710,-2.7878965403
147,-1.1393038077,-3.5957208959,177.9548145238,-1.9747054123,-1.5445406058,-2.7602757401
148,-1.1657380378,-3.6270124637,179.2147809196,-2.0373017388,-1.5437125406,-2.6963862724
149,-1.1913152545,-3.6587747708,180.4763101769,-2.0193754803,-1.5436175783,-2.7113553975
150,-1.2187415833,-3.6899920179,181.7380448869,-1.9023504074,-1.5445262535,-2.8282822538
151,-1.2476009848,-3.7191835711,183.0029252491,-1.7054971628,-1.5455386264,-3.0248509685
152,-1.2780074453,-3.7433728819,184.2595683389,-1.7345714127,-1.5452408065,-2.9961191901
153,-1.3098628908,-3.7674129826,185.5090378796,-1.8551358539,-1.5448455447,-2.8772513620
154,-1.3406319109,-3.7948207829,186.7580768256,-1.9319443764,-1.5438948149,-2.8007554008
155,-1.3692503996,-3.8251577424,188.0045841367,-1.9264708537,-1.5437605721,-2.8058062777
156,-1.3986779519,-3.8549044200,189.2515036365,-1.8687685424,-1.5443356620,-2.8635320650
157,-1.4277812941,-3.8847518534,190.4968494001,-1.7962862321,-1.5449738216,-2.9360911213
158,-1.4549499389,-3.9137818644,191.7358191917,-1.7636887805,-1.5457605244,-2.9680850258
159,-1.4808251153,-3.9427311183,192.9695817028,-1.7930358947,-1.5469808238,-2.9387832076
160,-1.5032219603,-3.9708759513,194.2003564089,-1.8770542880,-1.5479062267,-2.8533985444
161,-1.5246761948,-4.0021361446,195.4268507012,-1.9549959910,-1.5486324514,-2.7754235433
162,-1.5429744836,-4.0346768508,196.6473914913,-2.0132294914,-1.5495679783,-2.7163031389
163,-1.5613751010,-4.0673718300,197.8645539557,-1.9994767392,-1.5510548187,-2.7301857974
164,-1.5778393977,-4.0989009751,199.0775017972,-1.9265835196,-1.5530892547,-2.8027548790
165,-1.5941670364,-4.1293755533,200.2852326154,-1.9266738634,-1.5543216535,-2.8033654100
166,-1.6083418751,-4.1581023364,201.4867198395,-1.9614787249,-1.5552755145,-2.7683567802
167,-1.6212191098,-4.1863036735,202.6815431019,-1.9674429438,-1.5563100931,-2.7627782404
168,-1.6318985344,-4.2159968860,203.8693757919,-1.9695711197,-1.5575081630,-2.7609114726
169,-1.6419969791,-4.2427115690,205.0481522201,-2.0169829395,-1.5580743285,-2.7134926303
170,-1.6516763329,-4.2699700127,206.2185622503,-2.0402382798,-1.5589380422,-2.6902859945
171,-1.6586776896,-4.2973438251,207.3754765080,-2.0483075432,-1.5595171710,-2.6810367302
172,-1.6659267592,-4.3242392070,208.5183204624,-2.0087939847,-1.5599708434,-2.7203818766
173,-1.6731432898,-4.3515204195,209.6480225844,-1.8776138764,-1.5601642391,-2.8510784906
174,-1.6833297138,-4.3762736654,210.7599183756,-1.8629646249,-1.5594864169,-2.8659672094
175,-1.6949183071,-4.4009922433,211.8568443242,-1.9336782061,-1.5588262203,-2.7955369398
176,-1.7075712285,-4.4254480793,212.9409771843,-1.9881702808,-1.5580949550,-2.7413545612
177,-1.7196525415,-4.4505714869,214.0113619443,-1.9849907004,-1.5575020819,-2.7444682709
178,-1.7322210847,-4.4758789281,215.0706659916,-1.9494997023,-1.5565013876,-2.7794003731
179,-1.7451992604,-4.5009235789,216.1143202025,-1.8675750186,-1.5552346921,-2.8609320054
180,-1.7583855898,-4.5249963982,217.1516284540,-1.7530216854,-1.5536446414,-2.9744112559
181,-1.7755286033,-4.5477770232,218.1740908262,-1.6218732980,-1.5516662023,-3.1057573509
182,-1.7953854541,-4.5695481092,219.1778023133,-1.6121056087,-1.5494270391,-3.1157208188
183,-1.8181570464,-4.5882281288,220.1613593511,-1.6353209041,-1.5467208872,-3.0928694779
184,-1.8415868640,-4.6075723288,221.1275702280,-1.6283427040,-1.5439900981,-3.0999094572
185,-1.8677500544,-4.6286419578,222.0690299069,-1.6019429990,-1.5411567164,-3.1268542464
186,-1.8956815927,-4.6496900331,222.9892421124,-1.6009205470,-1.5381665378,-3.1282160616
187,-1.9252298588,-4.6693115882,223.8856083770,-1.6184147331,-1.5350880504,-3.1106607064
188,-1.9562811394,-4.6888460937,224.7595959701,-1.6271539124,-1.5318425489,-3.1017044966
189,-1.9914252195,-4.7092400702,225.6126020805,-1.6296407113,-1.5287185323,-3.1004032359
190,-2.0272326418,-4.7301094416,226.4421629488,-1.6459597918,-1.5256778980,-3.0843722414
191,-2.0665394885,-4.7487986126,227.2548886439,-1.6420547854,-1.5233158125,-3.0902002103
192,-2.1042134991,-4.7669993635,228.0484082450,-1.6379588719,-1.5224992867,-3.0950933366
193,-2.1397690674,-4.7856703671,228.8254930757,-1.6140104143,-1.5227615572,-3.1190790744
194,-2.1733524641,-4.8043313782,229.5831507452,-1.5967612929,-1.5232797663,-3.1364055312
195,-2.2057770900,-4.8217508283,230.3242059039,-1.6085924709,-1.5235840782,-3.1243863654
196,-2.2386557579,-4.8370017154,231.0545569530,-1.6502451380,-1.5238267212,-3.0832486129
197,-2.2698350604,-4.8527381522,231.7817872184,-1.6984348840,-1.5244696991,-3.0351268482
198,-2.3005390514,-4.8690167316,232.5043769198,-1.7309862719,-1.5254181090,-3.0026318467
199,-2.3304973993,-4.8863759489,233.2260273981,-1.7470682626,-1.5268011481,-2.9872895734
200,-2.3572694771,-4.9036449782,233.9435967526,-1.7587950391,-1.5284382329,-2.9750044930
201,-2.3826506400,-4.9210714735,234.6574833248,-1.7663788533,-1.5302625403,-2.9672414742
202,-2.4084684021,-4.9379534244,235.3680642797,-1.7775417657,-1.5322607550,-2.9561628921
203,-2.4316074979,-4.9545718172,236.0744315035,-1.7956728770,-1.5342725810,-2.9377880095
204,-2.4536867483,-4.9699920559,236.7775343451,-1.8060492462,-1.5371380299,-2.9275288413
205,-2.4716426348,-4.9853833184,237.4773610574,-1.8110738669,-1.5404001053,-2.9215894877
206,-2.4865585756,-5.0030588581,238.1735879813,-1.8167181150,-1.5433304228,-2.9149048524
207,-2.4998408882,-5.0210322508,238.8658961170,-1.8362989883,-1.5462976265,-2.8950526085
208,-2.5112065196,-5.0389392253,239.5537704015,-1.8830108547,-1.5490693165,-2.8479630581
209,-2.5204952721,-5.0549614248,240.2412354545,-1.9498393590,-1.5516440930,-2.7809300901
210,-2.5294602199,-5.0711130344,240.9297681280,-2.0646384055,-1.5539581207,-2.6671066169
211,-2.5365596159,-5.0883322183,241.6231227657,-2.1955016635,-1.5560654157,-2.5361747582
212,-2.5415103435,-5.1050141182,242.3193953580,-2.2701393838,-1.5588853662,-2.4615760590
213,-2.5474529409,-5.1213551746,243.0218521126,-2.3866792592,-1.5612290001,-2.3455581805
214,-2.5504060494,-5.1374093519,243.7249494193,-2.6020717727,-1.5625192828,-2.1299106056
215,-2.5524143882,-5.1530146859,244.4292721078,-2.9112210591,-1.5622952949,-1.8206081740
216,-2.5527672146,-5.1666322026,245.1371941056,-3.1252357840,-1.5599495676,-1.6067814516
217,-2.5519873859,-5.1803725743,245.8518888514,3.0773446102,-1.5583918377,-1.5254472171
218,-2.5502008707,-5.1971997194,246.5736307840,3.0664750341,-1.5575477575,-1.5145031049
219,-2.5485259263,-5.2161767801,247.3014157706,3.0548003890,-1.5573130473,-1.5020693199
220,-2.5484906585,-5.2355061559,248.0350045088,3.0425654720,-1.5571224923,-1.4907464140
221,-2.5489598209,-5.2560658063,248.7768574621,3.0252470640,-1.5564106757,-1.4742633887
222,-2.5477193597,-5.2759996254,249.5226184331,3.0248470080,-1.5544025595,-1.4731874593
223,-2.5420301637,-5.2968066842,250.2751938419,3.0160873411,-1.5525542802,-1.4606607050
224,-2.5357568523,-5.3154392440,251.0359287049,3.0063464449,-1.5515616192,-1.4476187851
225,-2.5362894113,-5.3340282533,251.8103476226,2.9458603473,-1.5545197684,-1.3887448354
226,-2.5417721759,-5.3551221796,252.5946868778,2.7762198375,-1.5602455248,-1.2234915849
227,-2.5393624500,-5.3739601870,253.3821363180,2.4164035990,-1.5639249282,-0.8634309638
228,-2.5309789939,-5.3892569710,254.1767091424,2.3986790555,-1.5612349709,-0.8442367150
229,-2.5264411027,-5.3997533043,254.9711844312,2.4749511316,-1.5538068700,-0.9216167863
230,-2.5199191633,-5.4147020815,255.7772033968,2.4587234425,-1.5477726156,-0.9074975816
231,-2.5080422836,-5.4338459916,256.5949506083,2.3535950109,-1.5457645802,-0.8038275953
232,-2.4896175705,-5.4560824164,257.4233696121,2.1936357911,-1.5450062206,-0.6425421113
233,-2.4658468040,-5.4782516281,258.2586275900,2.0346050394,-1.5441755579,-0.4805035510
234,-2.4409324327,-5.4970407998,259.0954897314,1.9366805900,-1.5424501153,-0.3801212303
235,-2.4175343762,-5.5174641684,259.9345770214,1.8826402336,-1.5396536574,-0.3258730557
236,-2.3941696227,-5.5389407075,260.7687790336,1.9123819000,-1.5365928081,-0.3578292106
237,-2.3654437858,-5.5592196045,261.6056538334,1.9487926805,-1.5335507738,-0.3946621243
238,-2.3340099228,-5.5801382625,262.4445714023,1.9332667247,-1.5309883598,-0.3794529444
239,-2.3022082802,-5.6044956779,263.2872648521,1.8641316855,-1.5288902467,-0.3112588683
240,-2.2699717942,-5.6294049611,264.1293735612,1.7987549417,-1.5262482012,-0.2474478897
241,-2.2333127361,-5.6520049698,264.9689358449,1.7833135720,-1.5235728570,-0.2325578251
242,-2.1915480648,-5.6731331159,265.8119381268,1.7863678274,-1.5208098934,-0.2354668651
243,-2.1438663654,-5.6942134072,266.6549648849,1.7833278531,-1.5181859206,-0.2308176147
244,-2.0945797782,-5.7140535182,267.5009355640,1.7686556744,-1.5165145088,-0.2131494340
245,-2.0439994944,-5.7340261182,268.3485598029,1.7645183876,-1.5156362548,-0.2075465400
246,-1.9963212350,-5.7556628417,269.1957698198,1.7633070587,-1.5150633624,-0.2055821628
247,-1.9479730270,-5.7776620874,270.0480873767,1.7601804001,-1.5145760652,-0.2023382834
248,-1.8998255509,-5.7988731221,270.9006178927,1.7526978450,-1.5146857952,-0.1948432495
249,-1.8534496137,-5.8222385088,271.7556506227,1.7433486788,-1.5153348693,-0.1860608295
250,-1.8069335730,-5.8449520004,272.6096701218,1.7606408052,-1.5162927536,-0.2029642325
251,-1.7642725778,-5.8653645781,273.4617722524,1.7823033879,-1.5176705969,-0.2247284682
252,-1.7234316672,-5.8861492120,274.3173701185,1.8064728967,-1.5190429139,-0.2496591784
253,-1.6828521924,-5.9070799032,275.1697346192,1.8144433935,-1.5204116617,-0.2587200217
254,-1.6444077846,-5.9293877739,276.0205951463,1.8240536017,-1.5219308046,-0.2694510481
255,-1.6066126498,-5.9510124683,276.8698827615,1.8265574219,-1.5241994432,-0.2724451333
256,-1.5707356137,-5.9729465537,277.7178313663,1.8110373079,-1.5272361809,-0.2567633697
257,-1.5364948725,-5.9944914151,278.5630168112,1.7810238920,-1.5317747398,-0.2253900201
258,-1.5062682847,-6.0151924130,279.4017779997,1.7548586828,-1.5368259674,-0.1980453668
259,-1.4815824775,-6.0344997693,280.2351041686,1.7397319133,-1.5417616509,-0.1824319915
260,-1.4614865567,-6.0519817862,281.0560798148,1.7506897046,-1.5465250584,-0.1929599678
261,-1.4440744174,-6.0686084024,281.8694732692,1.7596748568,-1.5511118008,-0.2014455301
262,-1.4295958409,-6.0851299285,282.6699363068,1.8074668918,-1.5557273997,-0.2482085763
263,-1.4212197826,-6.1008800527,283.4541747995,1.9224253310,-1.5595879856,-0.3627484864
264,-1.4190914336,-6.1143313231,284.2215348378,2.1176134727,-1.5631254644,-0.5583466012
265,-1.4209008837,-6.1281761846,284.9714136821,2.5379436527,-1.5660074406,-0.9789935406
266,-1.4230780715,-6.1434081812,285.7021025955,-2.8696547921,-1.5668207193,-1.8543158832
267,-1.4272472644,-6.1591240534,286.4101287388,-2.2912605871,-1.5638002695,-2.4318222219
268,-1.4380885061,-6.1749073947,287.0991102898,-2.1089868398,-1.5589368308,-2.6152330852
269,-1.4547148962,-6.1903537005,287.7663651595,-2.0243269668,-1.5524618518,-2.7015016512
270,-1.4752535406,-6.2049112702,288.4168446960,-1.9538077326,-1.5442409233,-2.7728771803
271,-1.5005373077,-6.2213776672,289.0547170072,-1.8772440249,-1.5341981357,-2.8493271618
272,-1.5353449705,-6.2389391354,289.6831067747,-1.8043424187,-1.5211821117,-2.9226586746
273,-1.5815047374,-6.2546667103,290.2941827645,-1.7369356719,-1.5052869361,-2.9909836994
274,-1.6430421334,-6.2694603620,290.8965022508,-1.6944410374,-1.4859115568,-3.0361011428
275,-1.7130466947,-6.2827214081,291.4732731642,-1.6730561965,-1.4636215155,-3.0591654903
276,-1.7968552734,-6.2968099284,292.0469172766,-1.6577477686,-1.4383849646,-3.0759095213
277,-1.8962886161,-6.3097809581,292.6065159411,-1.6439708927,-1.4107196072,-3.0912127093
278,-2.0113028474,-6.3210890073,293.1386845736,-1.6297250786,-1.3801945852,-3.1067803254
279,-2.1416763287,-6.3316041132,293.6711619479,-1.6148749945,-1.3462114792,-3.1213918101
280,-2.2881097588,-6.3457211657,294.1880295044,-1.6038800558,-1.3095269494,-3.1323741427
281,-2.4512732802,-6.3608707384,294.6673343433,-1.5941052911,-1.2710010494,3.1399162441
282,-2.6345290429,-6.3741707760,295.1503047387,-1.5871049908,-1.2305296973,3.1316205487
283,-2.8310426242,-6.3853034331,295.5902705870,-1.5819195907,-1.1884793246,3.1260622991
284,-3.0470824558,-6.3927055723,296.0432930353,-1.5776669429,-1.1448900126,3.1222459666
285,-3.2802308825,-6.3995990785,296.4833746468,-1.5754451144,-1.0991052542,3.1206309614
286,-3.5277853726,-6.4073509063,296.8721323078,-1.5733384621,-1.0512137058,3.1194383549
287,-3.7950545384,-6.4124328616,297.2799033188,-1.5706354738,-1.0015762820,3.1181769345
288,-4.0803123153,-6.4173618253,297.6699211414,-1.5682013226,-0.9501325164,3.1163387563
289,-4.3840013168,-6.4202254107,297.9980683403,-1.5692627044,-0.8974466537,3.1160400884
290,-4.7062135717,-6.4261834490,298.3476024550,-1.5685841194,-0.8430438725,3.1167084048
291,-5.0399084403,-6.4295885867,298.6302711804,-1.5644345640,-0.7864901753,3.1149504047
292,-5.3912486609,-6.4270623566,298.9427844417,-1.5567817051,-0.7268627910,3.1112849507
293,-5.7565801671,-6.4240226460,299.2253079912,-1.5524042534,-0.6646933301,3.1091585232
294,-6.1341170798,-6.4172646414,299.4176399110,-1.5529497126,-0.6014809680,3.1073512955
295,-6.5275667078,-6.4173565876,299.6305956384,-1.5579150081,-0.5388009708,3.1046573063
296,-6.9249796873,-6.4129854102,299.8186314693,-1.5621076005,-0.4758926112,3.1031315148
297,-7.3194745382,-6.4029290147,299.9241694937,-1.5642770345,-0.4127825145,3.1029206729
298,-7.7187391656,-6.3925426152,300.0625375177,-1.5642833031,-0.3505183107,3.1017472382
299,-8.1211512888,-6.3813674538,300.1209841797,-1.5631800335,-0.2887604208,3.0991469832
300,-8.5295494833,-6.3731591434,300.2080449886,-1.5629694950,-0.2273128736,3.0960935408
301,-8.9459461706,-6.3624791669,300.2705102131,-1.5621650405,-0.1641579379,3.0936491665
302,-9.3690261466,-6.3492402151,300.2465143502,-1.5641887532,-0.0997452763,3.0909598249
303,-9.8075535898,-6.3363410087,300.2552897367,-1.5647267737,-0.0347158701,3.0866265039
304,-10.2530186888,-6.3200438326,300.2353003055,-1.5660912117,0.0313047599,3.0808013848
305,-10.7045700218,-6.2971524808,300.1253065596,-1.5676981021,0.0986481973,3.0747353316
306,-11.1646078459,-6.2776880660,300.0444813142,-1.5702418767,0.1658856130,3.0687052670
307,-11.6245064115,-6.2511410439,299.8704117702,-1.5716845712,0.2328101691,3.0628295264
308,-12.0901552458,-6.2254904602,299.7264043939,-1.5729927505,0.2993360925,3.0582382937
309,-12.5540711778,-6.1970357806,299.5479708757,-1.5745066722,0.3645809131,3.0554223397
310,-13.0132071739,-6.1657042673,299.2768758698,-1.5756426041,0.4288206581,3.0541843255
311,-13.4745879177,-6.1297728004,299.0267226405,-1.5774674201,0.4908197234,3.0532729372
312,-13.9333558214,-6.0907036026,298.6917360612,-1.5796181690,0.5506075415,3.0519068521
313,-14.3938596304,-6.0506775257,298.3664433875,-1.5822794605,0.6061423116,3.0500193783
314,-14.8568024512,-6.0141157483,298.0005364364,-1.5862476636,0.6568964221,3.0464438860
315,-15.3200896829,-5.9729101292,297.5716066328,-1.5882695840,0.7051637092,3.0413436903
316,-15.7867043984,-5.9324087589,297.1420208261,-1.5876743095,0.7549802767,3.0344283551
317,-16.2453569146,-5.8854873483,296.6375187634,-1.5898522073,0.8055948278,3.0264842045
318,-16.6907437332,-5.8395757508,296.1238757290,-1.5936105444,0.8545560146,3.0209801087
319,-17.1209118106,-5.7927124152,295.5417755007,-1.5964943692,0.9019768914,3.0213437674
320,-17.5393481099,-5.7438139516,294.9513429805,-1.5953846516,0.9476711402,3.0243660445
321,-17.9450467205,-5.6924776732,294.3221869692,-1.5954428165,0.9917049864,3.0286162951
322,-18.3386077331,-5.6450082473,293.6329443138,-1.5937690861,1.0344905127,3.0321846102
323,-18.7171309077,-5.6029797605,292.9263835004,-1.6002765737,1.0760717850,3.0278077010
324,-19.0711455699,-5.5657832140,292.1591269319,-1.6084202848,1.1184637308,3.0232154191
325,-19.4084133449,-5.5274352830,291.3820221295,-1.6133413620,1.1604355477,3.0187726522
326,-19.7284771714,-5.4886291666,290.5488745687,-1.6201372531,1.2025049082,3.0096462811
327,-20.0254995544,-5.4557362582,289.7034105302,-1.6285429675,1.2439447023,2.9972040698
328,-20.2909423636,-5.4216221035,288.8215420823,-1.6487436233,1.2837776271,2.9764844745
329,-20.5343186403,-5.3870914288,287.8879697020,-1.6682228031,1.3222065951,2.9536828341
330,-20.7455046498,-5.3556112919,286.9438923979,-1.6961138619,1.3593097319,2.9260542666
331,-20.9225956899,-5.3205932353,285.9579152527,-1.7067256276,1.3946294878,2.9163724750
332,-21.0727422797,-5.2853811017,284.9574849246,-1.7272472495,1.4283877569,2.8965474174
333,-21.1935756680,-5.2563097450,283.9222395800,-1.7850974255,1.4595680126,2.8390767389
334,-21.2838527128,-5.2295420290,282.8506307229,-1.8833000278,1.4892263705,2.7421760732
335,-21.3450945704,-5.2038162326,281.7620343454,-2.0566395109,1.5159203731,2.5697076925
336,-21.3788914295,-5.1768933481,280.6424751593,-2.4368662489,1.5371596360,2.1885333300
337,-21.3806939329,-5.1535838996,279.5045584105,3.0249466677,1.5424448353,1.3699907449
338,-21.3567292287,-5.1291134960,278.3386092119,2.4102191729,1.5306858171,0.7565762391
339,-21.3075422328,-5.1058983578,277.1604475901,2.1346994142,1.5147920807,0.4833230315
340,-21.2321479017,-5.0847009380,275.9696922999,1.9811743631,1.5009119374,0.3342209091
341,-21.1386020433,-5.0660763453,274.7620387405,1.9080637832,1.4894770834,0.2659804340
342,-21.0308706181,-5.0486945413,273.5379379880,1.8938171626,1.4814169025,0.2563527654
343,-20.9161920524,-5.0308027486,272.2931871950,1.8989512568,1.4770908200,0.2649284391
344,-20.8068240408,-5.0108181772,271.0353246146,1.8799676092,1.4772373512,0.2478190168
345,-20.6950379149,-4.9890140647,269.7584012276,1.8703383463,1.4795183567,0.2404641849
346,-20.5835028603,-4.9666948842,268.4664914188,1.8869405454,1.4815908759,0.2577120297
347,-20.4749394372,-4.9454039698,267.1610765277,1.9057445759,1.4837617765,0.2776061660
348,-20.3719061438,-4.9224338398,265.8402146660,1.9269490478,1.4871923861,0.2992895935
349,-20.2738750810,-4.9022334486,264.5098985129,1.9667087363,1.4915012293,0.3407367015
350,-20.1785861873,-4.8848700062,263.1785230247,2.0218006804,1.4958106774,0.3964344396
351,-20.0913689275,-4.8662510058,261.8476773392,2.0739409509,1.4997970818,0.4492652721
352,-20.0121084130,-4.8466288833,260.5206329398,2.1129192298,1.5040095187,0.4886013736
353,-19.9383227021,-4.8245727984,259.1804780634,2.1435028101,1.5088325248,0.5203542367
354,-19.8703578538,-4.8037720501,257.8420187682,2.1820137873,1.5138442667,0.5606013796
355,-19.8099237663,-4.7819009872,256.5010429818,2.2290935198,1.5187151283,0.6084603986
356,-19.7573079772,-4.7601874391,255.1545751374,2.3331089039,1.5211405531,0.7131512832
357,-19.7133120093,-4.7360235232,253.8050286747,2.4492827198,1.5221323154,0.8289234148
358,-19.6766002014,-4.7063224522,252.4536566819,2.5246580746,1.5249575746,0.9035462762
359,-19.6466087509,-4.6742474250,251.1036367367,2.5857442314,1.5276822547,0.9634811288
360,-19.6199487831,-4.6437437510,249.7467978472,2.6405880378,1.5297470360,1.0181411156
361,-19.5956519795,-4.6154143719,248.3952951898,2.6588947167,1.5339620093,1.0362488001
362,-19.5737842411,-4.5868239630,247.0371171282,2.6861614311,1.5373258827,1.0638320514
363,-19.5550113163,-4.5600808671,245.6691244139,2.7752681795,1.5362096840,1.1540476844
364,-19.5411553071,-4.5320354821,244.3005203153,2.8487187320,1.5346307428,1.2264343154
365,-19.5295310955,-4.4982796223,242.9264460127,2.8698139939,1.5351733790,1.2473878675
366,-19.5167484988,-4.4653313232,241.5531122635,2.8780920049,1.5348562945,1.2544259273
367,-19.5061964898,-4.4331649844,240.1692112071,2.8721950935,1.5347812544,1.2482615882
368,-19.4965186007,-4.4035649277,238.7885408547,2.8505695659,1.5361078838,1.2248389220
369,-19.4846011328,-4.3724050249,237.4041962857,2.8129968558,1.5375779260,1.1858720626
370,-19.4707765430,-4.3418284364,236.0148499875,2.7898700192,1.5367197558,1.1611549928
371,-19.4546065108,-4.3110417842,234.6217495382,2.8015949091,1.5331834810,1.1724345436
372,-19.4351648208,-4.2742041793,233.2233744399,2.7811204834,1.5319777571,1.1530882087
373,-19.4115456874,-4.2406607636,231.8227122456,2.7675918117,1.5310127630,1.1408305494
374,-19.3863401991,-4.2087736952,230.4219385247,2.7459402434,1.5309873034,1.1209813389
375,-19.3606578457,-4.1788079353,229.0182839428,2.7264975656,1.5312243861,1.1031138030
376,-19.3375746634,-4.1481223779,227.6138927637,2.7075880178,1.5322580668,1.0839081797
377,-19.3145930019,-4.1176326241,226.2017517997,2.6811875958,1.5338128937,1.0575792883
378,-19.2935596142,-4.0900462976,224.7848969022,2.6879060341,1.5332292632,1.0631971542
379,-19.2707158398,-4.0621185036,223.3646100940,2.6916030985,1.5321911730,1.0671151212
380,-19.2464970946,-4.0327790121,221.9412410025,2.6979341893,1.5314328369,1.0732986101
381,-19.2203476239,-4.0032241881,220.5168752654,2.7050084037,1.5307350321,1.0814770298
382,-19.1961035669,-3.9720611138,219.0870607985,2.7121296581,1.5306829830,1.0877778452
383,-19.1701713887,-3.9388771694,217.6589087459,2.6892761788,1.5321316523,1.0654799442
384,-19.1461120290,-3.9040191604,216.2221102222,2.7012587846,1.5311049992,1.0757993536
385,-19.1205671216,-3.8716762407,214.7827690111,2.7188799742,1.5296626225,1.0930639071
386,-19.0896192614,-3.8322046375,213.3414195050,2.7126496045,1.5301774074,1.0865385535
387,-19.0588929476,-3.7934453392,211.9010542018,2.6816947743,1.5325708874,1.0550434729
388,-19.0277409127,-3.7568437031,210.4542900370,2.6797745880,1.5329932309,1.0529386549
389,-18.9960287181,-3.7212121745,209.0028858973,2.6918255246,1.5318884577,1.0656476498
390,-18.9658563803,-3.6830761260,207.5494715051,2.6655816644,1.5337814032,1.0391752893
391,-18.9335013591,-3.6458364530,206.0889789180,2.6744703896,1.5327530478,1.0489869804
392,-18.9016310062,-3.6123294735,204.6253554244,2.7093602041,1.5305664180,1.0850463958
393,-18.8702058299,-3.5750736494,203.1623838930,2.7069399090,1.5308777015,1.0829153084
394,-18.8426612155,-3.5404391383,201.6989919630,2.7052984932,1.5309491128,1.0802756090
395,-18.8146262633,-3.5062276485,200.2397818295,2.6920983261,1.5318417656,1.0666880153
396,-18.7863163043,-3.4725467124,198.7708962194,2.7256901937,1.5301202189,1.0997503970
397,-18.7571561182,-3.4393356315,197.3064529678,2.7689880900,1.5278862632,1.1437148180
398,-18.7283692920,-3.4026896056,195.8455210261,2.7940138780,1.5279043519,1.1698443056
399,-18.7015580285,-3.3652244922,194.3858392879,2.8161175434,1.5284534027,1.1926574224
400,-18.6752495335,-3.3305040836,192.9302892955,2.8379524298,1.5281674493,1.2156684793
401,-18.6517123828,-3.2938925473,191.4743326880,2.8578794982,1.5289403709,1.2354576285
402,-18.6319633881,-3.2590997417,190.0218334186,2.8694920363,1.5302676321,1.2461301946
403,-18.6137027659,-3.2266596538,188.5732597709,2.8815071698,1.5307160580,1.2574819033
404,-18.5972738891,-3.1963182720,187.1247996696,2.8978222922,1.5301945819,1.2739359752
405,-18.5797347563,-3.1642427656,185.6828589669,2.9131354307,1.5310459405,1.2893959290
406,-18.5631441956,-3.1329750071,184.2387707629,2.9328810650,1.5302154640,1.3093718523
407,-18.5484328720,-3.1004100531,182.7988270612,2.9579251069,1.5287933333,1.3346879411
408,-18.5354607540,-3.0668306806,181.3616524938,2.9885449847,1.5282004828,1.3652578522
409,-18.5245263569,-3.0312572129,179.9311866025,3.0298709592,1.5300107331,1.4067238153
410,-18.5159411889,-2.9970856130,178.5055653728,3.0746429956,1.5311390280,1.4518428285
411,-18.5107972387,-2.9628638721,177.0808244463,3.1285281741,1.5297421895,1.5051421942
412,-18.5097579167,-2.9286271078,175.6672468922,-3.1066161792,1.5278468857,1.5523650284
413,-18.5121265419,-2.8928904334,174.2596260862,-3.0543393883,1.5287338033,1.6035985821
414,-18.5165039712,-2.8592524112,172.8675169508,-3.0072461712,1.5285520637,1.6505979871
415,-18.5242721814,-2.8262685339,171.4860646912,-2.9646411088,1.5267128670,1.6930201554
416,-18.5339777387,-2.7921227121,170.1216175161,-2.9239774077,1.5248696235,1.7336539340
417,-18.5479223433,-2.7581768710,168.7766815522,-2.8841938105,1.5230897077,1.7726842116
418,-18.5637785969,-2.7244775776,167.4561511131,-2.8448863773,1.5235311556,1.8117907398
419,-18.5822447810,-2.6902400635,166.1514300733,-2.8116115378,1.5229625467,1.8441702252
420,-18.5998302594,-2.6578857087,164.8683446679,-2.8093453126,1.5197468394,1.8473213517
421,-18.6200770905,-2.6256176544,163.6085384629,-2.7992667604,1.5195594748,1.8569859979
422,-18.6390528693,-2.5941884734,162.3766154136,-2.7874879602,1.5213995653,1.8690973914
423,-18.6567011092,-2.5650127357,161.1666770199,-2.7861448331,1.5220769149,1.8711714647
424,-18.6768088582,-2.5388287408,159.9827566987,-2.7911263815,1.5219061987,1.8652359773
425,-18.6952521782,-2.5134279717,158.8224668103,-2.7949516498,1.5220646884,1.8613125972
426,-18.7120924653,-2.4883864368,157.6892803854,-2.8098204991,1.5212647308,1.8468669741
427,-18.7286541684,-2.4629108522,156.5796218246,-2.8320920584,1.5197414100,1.8241111960
428,-18.7442616439,-2.4398139685,155.4981316841,-2.8472509771,1.5189001766,1.8095600864
429,-18.7577037862,-2.4148011451,154.4466128416,-2.8526158892,1.5198471493,1.8053845570
430,-18.7734641532,-2.3892244672,153.4175147612,-2.8542723990,1.5209874759,1.8031141770
431,-18.7881911822,-2.3659166892,152.4168129138,-2.8615508343,1.5221409186,1.7954517252
432,-18.8002563720,-2.3438309590,151.4406056028,-2.8722227428,1.5221521089,1.7856937992
433,-18.8125362652,-2.3220499359,150.4915127085,-2.8859354752,1.5212377525,1.7711785685
434,-18.8236535880,-2.3019646017,149.5690596346,-2.8988638360,1.5207529591,1.7584830662
435,-18.8340803980,-2.2798449362,148.6686430060,-2.9065428238,1.5206265490,1.7504889698
436,-18.8442180350,-2.2569882784,147.7905190294,-2.9213162834,1.5204647163,1.7354520998
437,-18.8515358916,-2.2362319557,146.9282623032,-2.9336649755,1.5210136080,1.7245496653
438,-18.8597306872,-2.2147674909,146.0833807013,-2.9308366946,1.5233965997,1.7264079817
439,-18.8709833235,-2.1913902620,145.2520872753,-2.9240068439,1.5256469180,1.7302692457
440,-18.8798598802,-2.1685226383,144.4335808920,-2.9284444273,1.5267148910,1.7244296592
441,-18.8836246519,-2.1497033221,143.6322499989,-2.9288985359,1.5263734501,1.7251335113
442,-18.8894138198,-2.1322730456,142.8496867718,-2.9335628988,1.5268098569,1.7202497967
443,-18.8989379897,-2.1125393203,142.0822546435,-2.9281384745,1.5286621819,1.7234619607
444,-18.9064223393,-2.0944582670,141.3230122634,-2.9238560162,1.5292877606,1.7271713198
445,-18.9110321817,-2.0789631282,140.5722507950,-2.9178030308,1.5285609683,1.7335483150
446,-18.9168211377,-2.0644364987,139.8293639640,-2.9085802510,1.5275304990,1.7427184210
447,-18.9240162564,-2.0502525910,139.0954053397,-2.8934325560,1.5278963354,1.7571246170
448,-18.9322796776,-2.0337879392,138.3740873938,-2.8755295424,1.5287005794,1.7736883995
449,-18.9414906853,-2.0172282395,137.6599797933,-2.8588027432,1.5296267628,1.7892595707
450,-18.9517873848,-2.0033906637,136.9517602629,-2.8407946415,1.5315550009,1.8058287097
451,-18.9613454262,-1.9929980094,136.2475528831,-2.8150376141,1.5335801399,1.8311178417
452,-18.9705747863,-1.9822110913,135.5468455190,-2.7765319386,1.5355049056,1.8685942686
453,-18.9756500200,-1.9675671176,134.8478300078,-2.7419861258,1.5373814022,1.9046718679
454,-18.9793133874,-1.9536685148,134.1507488184,-2.7120072572,1.5385164191,1.9364876757
455,-18.9871230570,-1.9410024560,133.4547462228,-2.7136434806,1.5372790513,1.9339315853
456,-19.0002485917,-1.9260955010,132.7593039911,-2.7350849918,1.5345822055,1.9092744481
457,-19.0041322953,-1.9161052448,132.0709093684,-2.7263657531,1.5345497982,1.9217125799
458,-19.0026751388,-1.9098830563,131.3907867502,-2.6952171737,1.5363384850,1.9587394063
459,-19.0068022438,-1.8983254968,130.7086688968,-2.6445608741,1.5404869451,2.0121615558
460,-19.0219541903,-1.8820854396,130.0245650716,-2.4852713196,1.5476957902,2.1675240180
461,-19.0248381737,-1.8718655244,129.3273154277,-2.4375364642,1.5491938448,2.2191369768
462,-19.0246308341,-1.8654205797,128.6186348486,-2.5269943670,1.5478260367,2.1347423968
463,-19.0279376747,-1.8568605087,127.8955670200,-2.6274945281,1.5454137019,2.0370581459
464,-19.0323596763,-1.8465666571,127.1631323617,-2.7328104848,1.5434612127,1.9334476812
465,-19.0370475969,-1.8363471713,126.4217418538,-2.8136724344,1.5429694163,1.8526354689
466,-19.0401622923,-1.8238604366,125.6700264519,-2.9096645721,1.5445014373,1.7567932019
467,-19.0387680691,-1.8054654188,124.9070190078,-3.0396663447,1.5471131906,1.6276314723
468,-19.0330141160,-1.7885451953,124.1244229672,3.1129094613,1.5470851544,1.4989686680
469,-19.0261655452,-1.7737508967,123.3224562439,2.9945629270,1.5434659580,1.3819242989
470,-19.0186649913,-1.7578442879,122.5033413280,2.9134343377,1.5379332920,1.3006451478
471,-19.0104369034,-1.7384846957,121.6679046306,2.8437461998,1.5343840805,1.2292981363
472,-18.9994175834,-1.7177321557,120.8195499254,2.7570844005,1.5325414742,1.1411967634
473,-18.9863701698,-1.6935944915,119.9530640533,2.6553601333,1.5321945105,1.0376560328
474,-18.9690916344,-1.6697313294,119.0713710794,2.5303263456,1.5321556302,0.9111693552
475,-18.9490575296,-1.6478258073,118.1720429429,2.4387596239,1.5306070253,0.8173942545
476,-18.9221119804,-1.6249561007,117.2518913950,2.3730419041,1.5276032430,0.7504406060
477,-18.8927075977,-1.6047458566,116.3150770931,2.3471538136,1.5233046271,0.7230442599
478,-18.8583086733,-1.5826096016,115.3581362822,2.3225463914,1.5185368904,0.6970703286
479,-18.8216222510,-1.5594202531,114.3878083092,2.2719689525,1.5155872434,0.6434299625
480,-18.7784350738,-1.5356070843,113.4027268126,2.1970545625,1.5132235873,0.5669317667
481,-18.7282030344,-1.5106417266,112.4013599776,2.1114010709,1.5115513455,0.4801037286
482,-18.6732563142,-1.4870157679,111.3810369568,2.0583295578,1.5088772898,0.4261553462
483,-18.6122623269,-1.4663416992,110.3412783843,2.0406469887,1.5062391500,0.4085254086
484,-18.5468130770,-1.4467003690,109.2855762550,2.0237569472,1.5046900868,0.3914749550
485,-18.4788158473,-1.4266340708,108.2157722995,1.9831995397,1.5048331027,0.3519000241
486,-18.4101479591,-1.4083682597,107.1278221350,1.9376701469,1.5056115595,0.3068782143
487,-18.3442475666,-1.3887675086,106.0244806584,1.8931440525,1.5067732765,0.2603287144
488,-18.2771860073,-1.3703777481,104.8935308117,1.9428759041,1.5063553167,0.3085837252
489,-18.2076071361,-1.3535042049,103.7418782974,2.0381497366,1.5040812068,0.4042828469
490,-18.1376612045,-1.3299468476,102.5769859334,2.0721348175,1.5034235048,0.4376820123
491,-18.0650913855,-1.3044253738,101.4047972130,2.0427984834,1.5048583583,0.4092732271
492,-17.9917031988,-1.2795566738,100.2126694952,2.0233622032,1.5063048922,0.3907173008
493,-17.9169836026,-1.2569791028,99.0026753992,2.0337225398,1.5065521789,0.4024704681
494,-17.8443467820,-1.2351031502,97.7787854310,2.0262729411,1.5070820685,0.3951112521
495,-17.7728863892,-1.2103891163,96.5396179399,2.0187310781,1.5080704884,0.3867245033
496,-17.7030149198,-1.1871236497,95.2835822724,2.0701059627,1.5078430052,0.4377937918
497,-17.6308862964,-1.1629711663,94.0081304670,2.1178633057,1.5080582983,0.4867796868
498,-17.5611584124,-1.1347893342,92.7240779546,2.1030680274,1.5107135707,0.4725679583
499,-17.4937296273,-1.1071242822,91.4211601990,2.1237411424,1.5128074998,0.4940026105
500,-17.4255131407,-1.0837490684,90.1057354245,2.1369905877,1.5152709581,0.5104404871
501,-17.3652424249,-1.0568710723,88.7859437011,1.9976003570,1.5224425801,0.3688955121
502,-17.3070018233,-1.0386186237,87.4419318725,1.9321727321,1.5264708259,0.3035483586
503,-17.2525752579,-1.0269119718,86.0690680942,2.1224253802,1.5255803289,0.4937665113
504,-17.2002996837,-1.0069596684,84.6827240607,2.2757046975,1.5239088232,0.6476949840
505,-17.1494828462,-0.9779668744,83.2874140080,2.3228824797,1.5255125517,0.6958080225
506,-17.1009918589,-0.9468711899,81.8843922193,2.3254307905,1.5286158916,0.6992914449
507,-17.0576086097,-0.9175302305,80.4577280724,2.3472924260,1.5309768544,0.7212153679
508,-17.0178200993,-0.8900393785,79.0150561115,2.3949332199,1.5321160977,0.7680064845
509,-16.9818127823,-0.8618659783,77.5590097641,2.4363257919,1.5333053966,0.8077150483
510,-16.9464869749,-0.8331627532,76.0886188600,2.5043649621,1.5332838810,0.8754769596
511,-16.9121915993,-0.8048753595,74.6152550711,2.5884389939,1.5326421778,0.9602881956
512,-16.8796834655,-0.7757334064,73.1393683054,2.6726389084,1.5311748463,1.0457648442
513,-16.8501866968,-0.7471936304,71.6648774884,2.7542124109,1.5289071941,1.1284451036
514,-16.8259104252,-0.7153395834,70.1921425177,2.8021418952,1.5286423927,1.1758129946
515,-16.8028518277,-0.6818681911,68.7243947297,2.8217760078,1.5302654052,1.1954174588
516,-16.7831333483,-0.6497452763,67.2550842104,2.8444962694,1.5315117321,1.2175740826
517,-16.7638394022,-0.6181144188,65.7873712459,2.8699762414,1.5315464740,1.2430192315
518,-16.7446199251,-0.5866905919,64.3175942736,2.8924816320,1.5308928550,1.2664926366
519,-16.7268535980,-0.5544917964,62.8529372211,2.9056012814,1.5314162269,1.2798422186
520,-16.7102711368,-0.5215917993,61.3899136860,2.9035425816,1.5341797556,1.2776062503
521,-16.6954475901,-0.4905867247,59.9190494577,2.9207008392,1.5333493858,1.2939426616
522,-16.6801697204,-0.4587921729,58.4486947208,2.9482406997,1.5291379647,1.3210391836
523,-16.6636585325,-0.4219698585,56.9809007948,2.9594409244,1.5262305880,1.3319907350
524,-16.6460745013,-0.3826959450,55.5185033680,2.9407701373,1.5266475650,1.3137271335
525,-16.6263570943,-0.3440292243,54.0654691043,2.8973093480,1.5299482052,1.2700080809
526,-16.6045445428,-0.3113958588,52.6076268544,2.8493644404,1.5330361312,1.2232094439
527,-16.5816614722,-0.2823381666,51.1513950724,2.8235901567,1.5335402722,1.1976066064
528,-16.5585337601,-0.2545024703,49.6973509470,2.8198565424,1.5318724679,1.1945969718
529,-16.5359544489,-0.2247641166,48.2416572712,2.8279023848,1.5290698279,1.2014653311
530,-16.5105327420,-0.1916421294,46.7910786969,2.8381967284,1.5255834642,1.2123474969
531,-16.4828588792,-0.1566364824,45.3437807000,2.8313961438,1.5253924692,1.2071280808
532,-16.4562560011,-0.1222072498,43.9060981463,2.7957290014,1.5296943363,1.1715698514
533,-16.4297091642,-0.0914593840,42.4676295688,2.7731491593,1.5330250590,1.1492056485
534,-16.4060833874,-0.0646861076,41.0285119631,2.7909488047,1.5326996377,1.1663580137
535,-16.3843055516,-0.0369493431,39.5921286942,2.8256659294,1.5300079490,1.1998551766
536,-16.3609119116,-0.0082301228,38.1550598930,2.8455478140,1.5287482373,1.2202404813
537,-16.3362547451,0.0234617363,36.7272002872,2.8479881216,1.5303196607,1.2239023811
538,-16.3110451592,0.0532523998,35.3004492544,2.8551293560,1.5311091252,1.2328863397
539,-16.2879402671,0.0827654867,33.8748959054,2.8625480079,1.5319881771,1.2411940551
540,-16.2671537079,0.1122957189,32.4552869428,2.8626162473,1.5330725466,1.2404605393
541,-16.2493250691,0.1404799222,31.0384210825,2.8667267234,1.5332880978,1.2427095341
542,-16.2332961780,0.1692774278,29.6152005562,2.8820625420,1.5319104467,1.2555179973
543,-16.2162143148,0.1976870936,28.1979757862,2.8909442331,1.5310109312,1.2638600052
544,-16.1983072085,0.2277783053,26.7878629386,2.8826593651,1.5322986734,1.2555667999
545,-16.1780118623,0.2576639404,25.3806690687,2.8891794219,1.5324423430,1.2636993561
546,-16.1565326055,0.2864464726,23.9765898872,2.8985515065,1.5324308357,1.2750758610
547,-16.1367949696,0.3162786585,22.5788955512,2.9042735108,1.5326739859,1.2817641969
548,-16.1188955695,0.3440632546,21.1869778922,2.9170163161,1.5314218077,1.2947024001
549,-16.1031225178,0.3731304743,19.8029042779,2.9239011789,1.5310977878,1.3007374601
550,-16.0893017802,0.4040303549,18.4187249000,2.9341084535,1.5305077583,1.3096034237
551,-16.0753279967,0.4346405228,17.0386146103,2.9414476988,1.5294188003,1.3165960919
552,-16.0598824647,0.4657263011,15.6634039910,2.9358138619,1.5319060475,1.3112943626
553,-16.0425943677,0.4955128994,14.2931067268,2.9186922040,1.5363730285,1.2963401508
554,-16.0213935483,0.5191626824,12.9259990566,2.9031689325,1.5384194102,1.2848598350
555,-16.0015280393,0.5411621874,11.5523597139,2.9083136103,1.5366727778,1.2932637177
556,-15.9835297947,0.5660334115,10.1835785016,2.9204765306,1.5337122424,1.3064786533
557,-15.9693301902,0.5940944421,8.8178288768,2.9305822586,1.5322409682,1.3153545267
558,-15.9599037870,0.6237019167,7.4530097747,2.9402881826,1.5296166013,1.3208668354
559,-15.9522901343,0.6548572005,6.0938622301,2.9459669656,1.5280675694,1.3218743006
560,-15.9417063737,0.6895308873,4.7304649242,2.9422612904,1.5288771752,1.3156780196
561,-15.9289797822,0.7241338833,3.3692584786,2.9269782970,1.5309686428,1.2990113345
562,-15.9120809775,0.7570915548,2.0066767815,2.9168694536,1.5336697007,1.2895753061
563,-15.8922475371,0.7880239235,0.6395735994,2.9198677884,1.5342863938,1.2947703229
564,-15.8736231876,0.8169586611,-0.7325807735,2.9273774474,1.5339010557,1.3039975322
565,-15.8562326613,0.8458315836,-2.1058984186,2.9311998040,1.5343291444,1.3086058557
566,-15.8406484508,0.8733134278,-3.4828086454,2.9224628898,1.5361631980,1.2996831728
567,-15.8253306805,0.9004462518,-4.8614971320,2.9225141203,1.5366694188,1.3002239636
568,-15.8103576443,0.9272176558,-6.2456987227,2.9282068067,1.5360334624,1.3060981008
569,-15.7931988274,0.9552144542,-7.6352280620,2.9275052085,1.5364389043,1.3066819233
570,-15.7755637499,0.9839379367,-9.0263433287,2.9399243842,1.5364196906,1.3210547337
571,-15.7572876741,1.0128798929,-10.4246667693,2.9599930291,1.5337330502,1.3435821512
572,-15.7397261974,1.0418920865,-11.8193941310,2.9668823751,1.5335862630,1.3521747947
573,-15.7233416103,1.0732179901,-13.2166398979,2.9595282156,1.5368608320,1.3452888272
574,-15.7066970120,1.1023468261,-14.6201236360,2.9510651836,1.5378194257,1.3380302288
575,-15.6919359672,1.1278012896,-16.0283350935,2.9480370528,1.5365948783,1.3352093296
576,-15.6761515004,1.1528285664,-17.4333656562,2.9306242328,1.5385904147,1.3189707261
577,-15.6603868593,1.1735808343,-18.8421957282,2.8927840421,1.5422823462,1.2821426257
578,-15.6444680959,1.1946087463,-20.2527612274,2.8765903278,1.5430644089,1.2665130833
579,-15.6309720615,1.2129752693,-21.6727276045,2.8882270602,1.5408744362,1.2773614589
580,-15.6193311734,1.2346805614,-23.0932465846,2.8804861200,1.5400855711,1.2667177348
581,-15.6078383650,1.2572863921,-24.5138299441,2.8576194885,1.5406905379,1.2419793897
582,-15.5922033284,1.2772458464,-25.9366456367,2.8472658700,1.5402735328,1.2320830830
583,-15.5751621578,1.2970516765,-27.3566234133,2.8275644726,1.5422154737,1.2128937182
584,-15.5558113818,1.3165317968,-28.7840363130,2.8280522311,1.5418102213,1.2144856389
585,-15.5387493664,1.3376449658,-30.2168824013,2.8547923760,1.5374503694,1.2416473356
586,-15.5237779370,1.3642035951,-31.6421953840,2.8452137412,1.5367029115,1.2296842340
587,-15.5105981163,1.3885991703,-33.0651080375,2.8073372298,1.5378287054,1.1890555494
588,-15.4965199728,1.4108607920,-34.4890132396,2.7951758913,1.5371186896,1.1749381119
589,-15.4801152002,1.4331515069,-35.9136191182,2.8004286347,1.5357537925,1.1788305173
590,-15.4645977386,1.4561900566,-37.3347433551,2.7994077136,1.5354434071,1.1758218689
591,-15.4481031190,1.4801436136,-38.7513729287,2.7970524300,1.5349272135,1.1712334713
592,-15.4309608535,1.5065155219,-40.1683458009,2.8037517568,1.5333905472,1.1761313879
593,-15.4137376147,1.5336280366,-41.5833029569,2.8119951734,1.5324436779,1.1825056151
594,-15.3970722013,1.5608933208,-42.9917340829,2.7812713165,1.5354405835,1.1494977397
595,-15.3800699160,1.5854596745,-44.3933514228,2.7113664244,1.5400740312,1.0771904503
596,-15.3619242658,1.6053511461,-45.7990371679,2.6935709420,1.5407847091,1.0587950181
597,-15.3428394978,1.6248733674,-47.2068230170,2.7319426593,1.5381561014,1.0969848356
598,-15.3220886690,1.6479740788,-48.6129248458,2.7421752185,1.5373886127,1.1076296073
599,-15.3020385619,1.6724042760,-50.0154686564,2.7354078404,1.5382612532,1.1012887405
600,-15.2818711111,1.6980418011,-51.4173340865,2.7291469364,1.5386133690,1.0948431133
601,-15.2616189964,1.7229281555,-52.8216903522,2.7502941913,1.5371806195,1.1166687429
602,-15.2421428879,1.7489552124,-54.2167172705,2.7410004903,1.5395085532,1.1068468490
603,-15.2219948819,1.7749590749,-55.6181829379,2.7505278983,1.5408429992,1.1173799729
604,-15.2033686003,1.7979030594,-57.0209099232,2.7997081958,1.5400811820,1.1667893626
605,-15.1878456127,1.8207182281,-58.4202112346,2.8242225789,1.5402129275,1.1904294934
606,-15.1735807000,1.8431208325,-59.8193643213,2.8372868511,1.5419252911,1.2025190605
607,-15.1601942652,1.8645653464,-61.2180180748,2.8596046368,1.5423392019,1.2251845183
608,-15.1451701601,1.8845920533,-62.6202382028,2.8976214881,1.5415553901,1.2638087643
609,-15.1305857364,1.9047821693,-64.0195495594,2.9292259880,1.5413006075,1.2961561955
610,-15.1156151360,1.9249932672,-65.4195628464,2.9563873097,1.5410884630,1.3244942099
611,-15.1032219587,1.9462148175,-66.8153590048,2.9788260856,1.5411564541,1.3469639814
612,-15.0932869746,1.9670618438,-68.2076182629,2.9920345360,1.5411226925,1.3602919586
613,-15.0849626956,1.9860779315,-69.6034021806,2.9898634399,1.5417798787,1.3571728452
614,-15.0765866290,2.0031419127,-70.9918031619,2.9579796512,1.5444808147,1.3247934271
615,-15.0665064500,2.0187769934,-72.3768868847,2.9447597084,1.5449657000,1.3115858683
616,-15.0562085468,2.0325812311,-73.7638870289,2.9385414303,1.5434584342,1.3045439073
617,-15.0459298736,2.0456423137,-75.1450087517,2.9289815011,1.5415486446,1.2933926693
618,-15.0340785980,2.0606910154,-76.5253949198,2.9143122666,1.5389471617,1.2777492009
619,-15.0204685488,2.0777696402,-77.8953949061,2.8745192355,1.5390766408,1.2372187107
620,-15.0021771009,2.0953469132,-79.2618748005,2.8152846466,1.5423232092,1.1781444985
621,-14.9830792312,2.1076605160,-80.6219851485,2.7639259246,1.5448384156,1.1286322826
622,-14.9632916557,2.1169172985,-81.9857820049,2.7802875065,1.5435133469,1.1463178416
623,-14.9450621943,2.1288214990,-83.3494347083,2.8372121174,1.5390708137,1.2031406830
624,-14.9285487389,2.1460548002,-84.7040857099,2.8609341176,1.5365055336,1.2263465914
625,-14.9120636816,2.1644641599,-86.0531314215,2.8625676500,1.5366958407,1.2273596933
626,-14.8956286654,2.1827524284,-87.3957175758,2.8590264525,1.5382834270,1.2237484729
627,-14.8773839914,2.1970807729,-88.7392270120,2.8663043836,1.5403164636,1.2316847507
628,-14.8595693055,2.2120273810,-90.0767511869,2.8853510001,1.5415415419,1.2518459005
629,-14.8417706345,2.2258979119,-91.4099318158,2.9248721597,1.5409966425,1.2925490702
630,-14.8266234711,2.2410873916,-92.7456814541,2.9580804331,1.5394414296,1.3260420194
631,-14.8128601435,2.2560611404,-94.0692465494,2.9739370163,1.5407968182,1.3419077497
632,-14.7998741655,2.2728237448,-95.3931224543,2.9862535449,1.5419973962,1.3542348590
633,-14.7887234965,2.2886791681,-96.7143830598,3.0169251277,1.5408416169,1.3847138752
634,-14.7774631378,2.3038532825,-98.0324027397,3.0455584417,1.5395660902,1.4138795943
635,-14.7681109639,2.3219721085,-99.3455629015,3.0769001684,1.5400390885,1.4453436145
636,-14.7593931771,2.3408600923,-100.6527993499,3.1036579270,1.5396981516,1.4717199204
637,-14.7523562049,2.3584932947,-101.9592686195,3.1283744039,1.5401160694,1.4963457089
638,-14.7444617720,2.3767829286,-103.2615652538,-3.1341444189,1.5401931324,1.5172777097
639,-14.7397827410,2.3944849643,-104.5609630311,-3.1127537951,1.5402442747,1.5382156988
640,-14.7341627835,2.4125990794,-105.8547191547,-3.0921414867,1.5407701587,1.5595123961
641,-14.7302933405,2.4296022614,-107.1416258079,-3.0641293793,1.5418608808,1.5875943003
642,-14.7277435674,2.4458132531,-108.4315982892,-3.0460668019,1.5433498968,1.6053421764
643,-14.7266931738,2.4622311626,-109.7146767425,-3.0324750672,1.5424130781,1.6184823436
644,-14.7249729338,2.4775019212,-110.9981440769,-3.0415163769,1.5392991209,1.6097386436
645,-14.7243174567,2.4964083403,-112.2743287654,-3.0423039752,1.5406408909,1.6080258648
646,-14.7210857003,2.5150036814,-113.5459319736,-3.0490329111,1.5417808080,1.6018900216
647,-14.7192076937,2.5316545278,-114.8165884893,-3.0492938574,1.5411187869,1.6009721112
648,-14.7175552821,2.5484517240,-116.0800299636,-3.0578192245,1.5406393278,1.5916659288
649,-14.7157406826,2.5648542569,-117.3381089015,-3.0715348730,1.5397244574,1.5776002355
650,-14.7128087193,2.5814230020,-118.5928909920,-3.0791391907,1.5387749443,1.5703516628
651,-14.7098445972,2.5994792736,-119.8424408847,-3.0813387511,1.5393540685,1.5678854039
652,-14.7056417713,2.6177316115,-121.0831413006,-3.0822623098,1.5393506561,1.5674547947
653,-14.7028643149,2.6338179428,-122.3139266388,-3.0758872936,1.5395214931,1.5737254635
654,-14.7002418789,2.6499548670,-123.5360839209,-3.0583152186,1.5400104494,1.5917997158
655,-14.6980090375,2.6653656872,-124.7505313358,-3.0187916185,1.5394162349,1.6323331042
656,-14.6970069804,2.6812874546,-125.9562310147,-2.9846396066,1.5381872579,1.6676196260
657,-14.6967394024,2.6980161537,-127.1544096052,-2.9536729901,1.5371767416,1.6998725762
658,-14.6988966312,2.7148952242,-128.3395327874,-2.9091549744,1.5378796915,1.7449853056
659,-14.7034637029,2.7315968373,-129.5142878541,-2.8609367365,1.5393197064,1.7929825887
660,-14.7094725576,2.7473610797,-130.6778579080,-2.8380511536,1.5395297716,1.8154607820
661,-14.7161918793,2.7622203323,-131.8312288677,-2.8534809246,1.5376067275,1.7991281603
662,-14.7222596108,2.7767319697,-132.9689368125,-2.8769199394,1.5353230635,1.7751282817
663,-14.7308705242,2.7927469074,-134.0868025308,-2.8786707208,1.5345715470,1.7713121515
664,-14.7408306731,2.8079698006,-135.1833276698,-2.8731649036,1.5354062605,1.7748858238
665,-14.7436389858,2.8255596466,-136.2636260001,-2.8726758559,1.5342608650,1.7771911124
666,-14.7498369569,2.8402951394,-137.3239033263,-2.8922845546,1.5311966060,1.7574401257
667,-14.7555318818,2.8580947315,-138.3565985115,-2.8583779824,1.5310165515,1.7912957679
668,-14.7609553127,2.8766396552,-139.3652730531,-2.8004906350,1.5319761537,1.8504647271
669,-14.7693841476,2.8913042934,-140.3459071813,-2.7702894089,1.5312746954,1.8810954279
670,-14.7804055683,2.9048188024,-141.3007676353,-2.7488640034,1.5303270564,1.9014994443
671,-14.7928038500,2.9181628125,-142.2259191770,-2.7354102034,1.5295594968,1.9138875207
672,-14.8040214216,2.9313745292,-143.1219189545,-2.7437623033,1.5296640978,1.9046508837
673,-14.8143439533,2.9444731753,-143.9907396323,-2.7791902150,1.5309884092,1.8673681908
674,-14.8218590554,2.9568269566,-144.8244919530,-2.9163887899,1.5337561281,1.7264719640
675,-14.8214336551,2.9681726516,-145.6326956548,3.0587350665,1.5349389580,1.4139537447
676,-14.8064500254,2.9785618805,-146.4138837705,2.6177383738,1.5294818961,0.9688968047
677,-14.7710231707,2.9850854138,-147.1688343933,2.2823842789,1.5139096448,0.6320493813
678,-14.7130773085,2.9917084986,-147.8948011121,2.1075271884,1.4911207709,0.4574986157
679,-14.6335668948,2.9980193236,-148.5973094775,2.0039371034,1.4640511400,0.3551389542
680,-14.5365101828,3.0011556422,-149.2671418152,1.9173378667,1.4348221980,0.2687383355
681,-14.4204684643,3.0014688731,-149.8988931798,1.8399849518,1.4011875283,0.1899150379
682,-14.2828789851,3.0050184665,-150.5094849031,1.7773082622,1.3619118214,0.1250054846
683,-14.1208468620,3.0083682245,-151.0951837996,1.7345192962,1.3180975128,0.0806004469
684,-13.9332001165,3.0055935277,-151.6334676014,1.7077806181,1.2704986544,0.0535617468
685,-13.7250376495,2.9968614153,-152.1654308297,1.6918842328,1.2181196637,0.0359945998
686,-13.4946175366,2.9824445812,-152.6455692271,1.6789778438,1.1616703313,0.0204508311
687,-13.2346929100,2.9699647147,-153.1275560048,1.6660912367,1.1020797813,0.0072328510
688,-12.9476722291,2.9569213430,-153.5875362144,1.6572097237,1.0401824393,-0.0021590260
689,-12.6350683996,2.9412792161,-153.9916199807,1.6502630354,0.9761776880,-0.0093787720
690,-12.2997959050,2.9202768751,-154.4036405814,1.6460299883,0.9100360901,-0.0149511544
691,-11.9404417955,2.8977925775,-154.7843419384,1.6415425764,0.8421940492,-0.0192799854
692,-11.5591692422,2.8768032373,-155.0988000546,1.6390496902,0.7712559305,-0.0222670897
693,-11.1582572434,2.8570847720,-155.4156116458,1.6359129961,0.6989801604,-0.0248781691
694,-10.7376058165,2.8328579136,-155.6604136160,1.6308017935,0.6273949360,-0.0259424218
695,-10.3052048200,2.8049742798,-155.9057708618,1.6257617372,0.5569434407,-0.0279755650
696,-9.8636394802,2.7780083639,-156.1209371758,1.6211233289,0.4867186989,-0.0309590301
697,-9.4131800301,2.7503016892,-156.2698933617,1.6194139533,0.4167014046,-0.0336147371
698,-8.9579046061,2.7233560479,-156.4244184918,1.6189444030,0.3469347469,-0.0376354124
699,-8.4977274827,2.6935808445,-156.5424328603,1.6168203282,0.2776224540,-0.0428705963
700,-8.0285748770,2.6623407709,-156.5925969824,1.6144736405,0.2085330837,-0.0469120477
701,-7.5547644731,2.6304456725,-156.6425544408,1.6114321682,0.1384920466,-0.0476669917
702,-7.0697522003,2.6037783168,-156.6266345051,1.6113431170,0.0679401781,-0.0433278270
703,-6.5792262102,2.5778682849,-156.6165978659,1.6135246202,-0.0031820562,-0.0367736106
704,-6.0859548976,2.5489834405,-156.5676373289,1.6126468704,-0.0746187586,-0.0284584920
705,-5.5935601350,2.5241052576,-156.4403385113,1.6092816167,-0.1462549246,-0.0196571603
706,-5.1060146331,2.4978347714,-156.3139908537,1.6040804521,-0.2185696212,-0.0127613293
707,-4.6263568923,2.4806476359,-156.1178813950,1.6028155564,-0.2912177846,-0.0105914955
708,-4.1516026687,2.4700525756,-155.9243727688,1.6029643597,-0.3641539341,-0.0106696932
709,-3.6791026285,2.4615834328,-155.6931170242,1.6030409555,-0.4370184131,-0.0080548096
710,-3.2150425442,2.4562015879,-155.3814640339,1.6018750243,-0.5096192777,-0.0040642225
711,-2.7606117430,2.4470409328,-155.0717809824,1.5999910111,-0.5820595264,-0.0003937982
712,-2.3243940144,2.4343253246,-154.6843774127,1.5969110979,-0.6533372431,0.0014022056
713,-1.9060292021,2.4243298796,-154.2978639596,1.5958504018,-0.7225249672,-0.0007530433
714,-1.5055588744,2.4190351884,-153.8752018945,1.6003601294,-0.7899895112,-0.0068807992
715,-1.1196718315,2.4144833341,-153.3913308675,1.6081621465,-0.8553187622,-0.0142366006
716,-0.7559113017,2.4068690342,-152.8967492335,1.6119874008,-0.9196556656,-0.0184512440
717,-0.4135923841,2.3947939980,-152.3373353158,1.6110050721,-0.9839511139,-0.0178439313
718,-0.1066755707,2.3838828948,-151.7718243801,1.6071279702,-1.0497226740,-0.0159256109
719,0.1739406696,2.3732093545,-151.1784502926,1.6095889732,-1.1157556623,-0.0173947834
720,0.4223336518,2.3596806466,-150.5242613758,1.6080987145,-1.1804106764,-0.0171928975
721,0.6369068084,2.3485159062,-149.8644757528,1.6075072146,-1.2400730476,-0.0183107531
722,0.8180034622,2.3375456946,-149.1583319238,1.6112676438,-1.2939534954,-0.0280533385
723,0.9681972954,2.3305840867,-148.4370276252,1.6200436277,-1.3414348634,-0.0430360143
724,1.0963942449,2.3214276763,-147.6758821039,1.6292917718,-1.3831597773,-0.0576671004
725,1.2102303700,2.3111367696,-146.8965353662,1.6363718064,-1.4198052092,-0.0651368300
726,1.3048382803,2.2990437583,-146.0916750680,1.6403853665,-1.4536781401,-0.0693451291
727,1.3741105413,2.2863100562,-145.2590880073,1.6539476162,-1.4843249925,-0.0838935550
728,1.4198640752,2.2737764872,-144.4069523610,1.6884083995,-1.5108947923,-0.1215020773
729,1.4455664404,2.2597861381,-143.5313609847,1.7726659586,-1.5327050634,-0.2106116080
730,1.4567127482,2.2474972864,-142.6371731247,1.9578024501,-1.5476312665,-0.4008706055
731,1.4586492317,2.2338949052,-141.7208736225,2.2820042503,-1.5552850676,-0.7301898155
732,1.4622474733,2.2189465169,-140.7851022771,2.4742933580,-1.5579457343,-0.9259475446
733,1.4711381489,2.2024274821,-139.8264550019,2.4977303591,-1.5591084808,-0.9502842312
734,1.4809205116,2.1874616476,-138.8494739258,2.5018176652,-1.5606487485,-0.9530829405
735,1.4913790957,2.1737224520,-137.8521141767,2.5490565139,-1.5620976100,-0.9997308348
736,1.4975438376,2.1610428481,-136.8385390079,2.7388083442,-1.5627490047,-1.1878349583
737,1.4988601080,2.1473940337,-135.8075983029,3.0349598628,-1.5626985087,-1.4843472066
738,1.4986279784,2.1326200072,-134.7559465804,-2.9895747352,-1.5635017285,-1.7425886746
739,1.4980532071,2.1162860649,-133.6856699591,-2.5834419379,-1.5652534496,-2.1487097544
740,1.4970885144,2.1018382805,-132.5985951488,-2.2135839250,-1.5647732679,-2.5170119751
741,1.4945870466,2.0857997293,-131.4942071582,-2.2385523137,-1.5626201560,-2.4917075105
742,1.4881506276,2.0712020752,-130.3730354375,-2.2959390916,-1.5606008433,-2.4335286395
743,1.4793064822,2.0549143776,-129.2336489124,-2.2337100351,-1.5595665803,-2.4955265942
744,1.4671292366,2.0379377561,-128.0781536429,-2.1989091799,-1.5589486704,-2.5312225122
745,1.4556378119,2.0197398147,-126.9105224296,-2.2413315687,-1.5580911541,-2.4893362035
746,1.4448987100,2.0011441244,-125.7224863747,-2.2969470738,-1.5575831462,-2.4336983861
747,1.4336504943,1.9807917123,-124.5191324791,-2.2865422413,-1.5585290192,-2.4446052486
748,1.4230016939,1.9596727652,-123.2994931213,-2.3065652468,-1.5595708144,-2.4246949283
749,1.4141133004,1.9374511246,-122.0686149419,-2.5068544132,-1.5593104873,-2.2249405640
750,1.4086147257,1.9132030279,-120.8261708158,-2.7782328444,-1.5570106105,-1.9538552920
751,1.4052991745,1.8864304087,-119.5661503622,-2.9406096264,-1.5549725764,-1.7908455155
752,1.4020903615,1.8571314806,-118.2855785520,-3.0075527716,-1.5546875377,-1.7223694942
753,1.4005829238,1.8265972355,-116.9918241145,-2.9920956215,-1.5554395995,-1.7366569108
754,1.3979097426,1.7937795933,-115.6829165291,-2.9215036885,-1.5554099513,-1.8061791483
755,1.3923884176,1.7625910911,-114.3639377400,-2.8945891356,-1.5521158640,-1.8332569864
756,1.3814912975,1.7311947496,-113.0299410286,-2.7989656912,-1.5500870537,-1.9288728147
757,1.3671409285,1.6981036536,-111.6753660641,-2.6412116068,-1.5498924147,-2.0870423938
758,1.3501598501,1.6642330426,-110.3073460732,-2.4910196716,-1.5499615913,-2.2364941258
759,1.3292941208,1.6304300446,-108.9275673660,-2.4496159130,-1.5488762592,-2.2789712389
760,1.3074694633,1.5989376924,-107.5351515331,-2.4426434495,-1.5471705151,-2.2856398342
761,1.2844676453,1.5665499739,-106.1259843377,-2.4180540993,-1.5460221298,-2.3094021890
762,1.2595746206,1.5327630036,-104.7028848541,-2.4282666789,-1.5443052978,-2.2992224042
763,1.2304380374,1.4965234941,-103.2671025648,-2.4066173344,-1.5434204594,-2.3226530397
764,1.2024805908,1.4607689883,-101.8136045038,-2.3648729580,-1.5443088425,-2.3639872001
765,1.1700733091,1.4256243980,-100.3423070009,-2.2932718348,-1.5465226685,-2.4374971439
766,1.1419628068,1.3923606389,-98.8636708469,-2.2369691642,-1.5481858509,-2.4939755998
767,1.1153345249,1.3644673161,-97.3604066043,-2.1584856787,-1.5497562224,-2.5714900541
768,1.0888561115,1.3369370118,-95.8496595909,-1.8821304304,-1.5527969764,-2.8484307498
769,1.0624469885,1.3150665806,-94.3358179741,-1.5628749817,-1.5538316794,3.1151782170
770,1.0359739586,1.2980924608,-92.8247400915,-1.3965255565,-1.5535161733,2.9480791151
771,1.0084202881,1.2841637670,-91.3154129313,-1.2838264075,-1.5529957026,2.8336032798
772,0.9840802781,1.2709521296,-89.8091827633,-1.2445608711,-1.5526527793,2.7948826912
773,0.9611652951,1.2564637424,-88.3064581133,-1.3435422382,-1.5527874595,2.8943639340
774,0.9394244286,1.2403892603,-86.8003238609,-1.4826950651,-1.5536829649,3.0342643290
775,0.9183223553,1.2222748256,-85.3006749105,-1.4863274688,-1.5545703920,3.0384955033
776,0.8983728884,1.2058930050,-83.7875825317,-1.3045190709,-1.5550263065,2.8564525417
777,0.8822032116,1.1913270536,-82.2827324294,-1.3017687777,-1.5556606232,2.8554754565
778,0.8665632690,1.1763854006,-80.7789064289,-1.4105532626,-1.5565437212,2.9644804936
779,0.8504646767,1.1585762640,-79.2757815355,-1.4174827836,-1.5572097154,2.9717063733
780,0.8364640615,1.1427246958,-77.7728120305,-1.2514220099,-1.5571513722,2.8062086057
781,0.8237229910,1.1302321377,-76.2674807271,-1.0865888301,-1.5568507793,2.6423459806
782,0.8116105219,1.1209220105,-74.7649160465,-0.9913857974,-1.5560183305,2.5476425942
783,0.7986887768,1.1113947900,-73.2693433492,-1.0566003106,-1.5560883851,2.6133100729
784,0.7835314225,1.1004263781,-71.7766929441,-1.3703313135,-1.5571867039,2.9267423959
785,0.7625033573,1.0849811003,-70.2895269299,-1.5592130618,-1.5567754416,3.1124113763
786,0.7436401547,1.0680374852,-68.7959812464,-1.4279011763,-1.5561861562,2.9799527832
787,0.7238318002,1.0515341946,-67.3045811029,-1.3287544846,-1.5555702418,2.8794577432
788,0.7097567337,1.0359934021,-65.8225741454,-1.5060879210,-1.5554936876,3.0596936600
789,0.6939982561,1.0200177526,-64.3385731966,-1.4767323913,-1.5545794409,3.0314923309
790,0.6774096803,1.0034197498,-62.8586769770,-1.2905583068,-1.5532262758,2.8462844570
791,0.6588779589,0.9907546829,-61.3786363762,-1.3823540388,-1.5525200247,2.9389857305
792,0.6376282220,0.9739324684,-59.9091731751,-1.6175356495,-1.5515392216,-3.1085515449
793,0.6145469574,0.9554176206,-58.4370010288,-1.5759649471,-1.5503223286,3.1336805029
794,0.5871137696,0.9384074447,-56.9607702479,-1.3463384971,-1.5484595469,2.9040107518
795,0.5590314147,0.9284960319,-55.4937466487,-1.3587247506,-1.5471724561,2.9167210331
796,0.5275693700,0.9188543777,-54.0312618848,-1.4174728017,-1.5465578079,2.9749963616
797,0.4927762091,0.9077856736,-52.5699100812,-1.4109921925,-1.5465600569,2.9672928784
798,0.4581284282,0.8940148421,-51.1117625781,-1.4078206351,-1.5464503651,2.9628034599
799,0.4255905087,0.8790687143,-49.6561245829,-1.4260661408,-1.5463453131,2.9809602051
800,0.3949140703,0.8626660318,-48.2027179453,-1.4593329971,-1.5465071750,3.0145449595
801,0.3641085799,0.8464613103,-46.7512825034,-1.4531871277,-1.5469892590,3.0090463087
802,0.3354296096,0.8303901076,-45.3017259774,-1.4463381016,-1.5474535910,3.0032334681
803,0.3088102120,0.8145289589,-43.8588949381,-1.4415412159,-1.5480395636,2.9999238396
804,0.2821995135,0.7983328082,-42.4122985362,-1.3626893511,-1.5485116934,2.9218032035
805,0.2556314836,0.7822830719,-40.9697360902,-1.3514120001,-1.5493715901,2.9103216099
806,0.2291243846,0.7669040497,-39.5304503303,-1.4080576497,-1.5502729251,2.9664716867
807,0.2036504192,0.7492821649,-38.0959521983,-1.5008393645,-1.5513801207,3.0587186525
808,0.1780861071,0.7305033883,-36.6614414439,-1.5314120171,-1.5523341937,3.0880937347
809,0.1535764305,0.7099001791,-35.2283829849,-1.3977078035,-1.5529054029,2.9524523428
810,0.1321358484,0.6911070969,-33.7969821053,-1.2908611733,-1.5534411139,2.8448471792
811,0.1124369813,0.6751433510,-32.3692323204,-1.2865871078,-1.5546035770,2.8402036802
812,0.0961149157,0.6587316079,-30.9472743671,-1.3676011857,-1.5561515549,2.9209766548
813,0.0830765411,0.6411612221,-29.5274892209,-1.5300305424,-1.5579502413,3.0844815205
814,0.0700413194,0.6220483854,-28.1109548065,-1.4424027654,-1.5591514142,2.9966828175
815,0.0579057461,0.6018460458,-26.6892197945,-1.2280090858,-1.5600059916,2.7816846931
816,0.0493692348,0.5835134861,-25.2812939855,-1.6932849469,-1.5620960860,-3.0362090927
817,0.0401607925,0.5596422572,-23.8774489105,-2.3102403262,-1.5608755592,-2.4211443404
818,0.0329973652,0.5296577225,-22.4740817723,-2.5419905481,-1.5599421260,-2.1905329410
819,0.0278143360,0.4932587694,-21.0727144476,-2.6716153210,-1.5594279454,-2.0607076457
820,0.0245238280,0.4574343094,-19.6748998637,-2.7327530647,-1.5597743607,-1.9990634985
821,0.0218915056,0.4220561189,-18.2778076735,-2.6928494240,-1.5614355625,-2.0383336793
822,0.0202863521,0.3890955549,-16.8842545641,-2.6141293946,-1.5634378318,-2.1161889744
823,0.0193011701,0.3577646100,-15.5001104642,-2.6183471508,-1.5638223303,-2.1107375113
824,0.0188878691,0.3259413586,-14.1167112498,-2.6949210931,-1.5618330347,-2.0333177123
825,0.0171919967,0.2944561354,-12.7380018714,-2.6755843112,-1.5608481719,-2.0518657699
826,0.0111294673,0.2614743139,-11.3614767028,-2.5297892769,-1.5612550860,-2.1988623746
827,0.0052163078,0.2283989487,-9.9887863843,-2.3746817072,-1.5611366085,-2.3538517540
828,-0.0038743521,0.1983182554,-8.6191674039,-2.2631162270,-1.5603256635,-2.4660831295
829,-0.0127297068,0.1677284160,-7.2480705789,-2.1062749713,-1.5601184813,-2.6225635341
830,-0.0229689211,0.1377141087,-5.8821097837,-2.1883540940,-1.5582237836,-2.5397572285
831,-0.0334907808,0.1087510018,-4.5174918944,-2.2786193791,-1.5569059316,-2.4486213854
832,-0.0466477957,0.0750455368,-3.1527752303,-2.3052182443,-1.5562080231,-2.4223229041
833,-0.0600872789,0.0410908463,-1.7905359655,-2.2747430825,-1.5561127140,-2.4532865262
834,-0.0750377397,0.0054493880,-0.4248676210,-2.2071145342,-1.5565197974,-2.5214899889
835,-0.0908011245,-0.0265188179,0.9351872258,-2.2504930732,-1.5558851039,-2.4789485982
836,-0.1052707497,-0.0606643584,2.2947757688,-2.2371288404,-1.5556955634,-2.4927633274
837,-0.1196110411,-0.0927565472,3.6538406105,-2.2036798949,-1.5558056847,-2.5264231627
838,-0.1339009547,-0.1260025104,5.0098917730,-2.2066535346,-1.5555998709,-2.5237334732
839,-0.1477983091,-0.1605351540,6.3701800636,-2.2188226067,-1.5552082068,-2.5110852311
840,-0.1620467523,-0.1943912525,7.7255575000,-2.2425903204,-1.5547359876,-2.4873987002
841,-0.1769479285,-0.2272453935,9.0817016930,-2.1816130321,-1.5553952514,-2.5482516763
842,-0.1946268186,-0.2600635021,10.4369676652,-2.1152747628,-1.5561593162,-2.6163286392
843,-0.2101568600,-0.2936447444,11.7890408449,-2.1368578294,-1.5559712621,-2.5945167234
844,-0.2251478031,-0.3260676141,13.1431400280,-2.1884453800,-1.5556192065,-2.5429253909
845,-0.2375973716,-0.3617983278,14.4961254850,-2.1975556774,-1.5557018492,-2.5334263102
846,-0.2502768902,-0.3963269284,15.8467396769,-2.1920554016,-1.5556865166,-2.5391036344
847,-0.2608513001,-0.4311253554,17.1994193091,-2.1555889198,-1.5561017964,-2.5745484198
848,-0.2730000925,-0.4665871117,18.5489396018,-2.1424165196,-1.5565643840,-2.5875919555
849,-0.2854480108,-0.5013086508,19.8991540814,-2.1704688516,-1.5562949670,-2.5596695566
850,-0.2972514235,-0.5354625144,21.2459359848,-2.2266257231,-1.5556084912,-2.5032195493
851,-0.3114238388,-0.5692409230,22.5923416119,-2.1842672773,-1.5555736787,-2.5462543416
852,-0.3252189782,-0.6041984135,23.9389055498,-2.1620516527,-1.5554226447,-2.5683446360
853,-0.3397525720,-0.6378189782,25.2793289925,-2.1630413041,-1.5547929350,-2.5675152814
854,-0.3549723677,-0.6722336638,26.6207955626,-2.0680916305,-1.5551368182,-2.6622531134
855,-0.3688490229,-0.7043498723,27.9590700080,-1.9798132896,-1.5555986997,-2.7495754852
856,-0.3851154624,-0.7344524818,29.2897982409,-2.0256847948,-1.5554337363,-2.7038034005
857,-0.3991706716,-0.7655390006,30.6167831944,-2.0955839004,-1.5552778436,-2.6329641247
858,-0.4156539443,-0.7969102986,31.9483437092,-2.1219118113,-1.5554313610,-2.6073486395
859,-0.4287928183,-0.8297130501,33.2724141267,-2.1082796753,-1.5561581863,-2.6203658432
860,-0.4416572053,-0.8619911767,34.5928625540,-2.0860318189,-1.5569206473,-2.6418544310
861,-0.4535558828,-0.8938617526,35.9093025462,-2.1097563117,-1.5571982902,-2.6179048251
862,-0.4635366483,-0.9249965507,37.2209270970,-2.1072554001,-1.5575212666,-2.6190589502
863,-0.4738624528,-0.9560427429,38.5325414865,-2.0548998483,-1.5580976929,-2.6705733853
864,-0.4857515420,-0.9855016168,39.8398756574,-1.9595366173,-1.5582270259,-2.7653657448
865,-0.4989860506,-1.0144390590,41.1462879668,-1.9095227828,-1.5573955986,-2.8152710958
866,-0.5136385169,-1.0425630587,42.4445574043,-1.9003976375,-1.5562040106,-2.8247978308
867,-0.5356157416,-1.0700052459,43.7422068379,-1.8118560318,-1.5554919912,-2.9160863520
868,-0.5559970244,-1.0947399417,45.0396037140,-1.5939280274,-1.5551697434,-3.1344804984
869,-0.5789074730,-1.1152213152,46.3368148006,-1.3698653972,-1.5541219013,2.9236902668
870,-0.6004072170,-1.1314159057,47.6280795900,-1.2029488562,-1.5523925301,2.7564746431
871,-0.6231795963,-1.1448294135,48.9165348675,-1.1487714426,-1.5507600747,2.7019877074
872,-0.6452824213,-1.1534191568,50.1945780444,-1.2643888503,-1.5507332255,2.8193761197
873,-0.6734258409,-1.1642504410,51.4771899634,-1.3688101801,-1.5502883380,2.9224316743
874,-0.7011601424,-1.1774809949,52.7539479959,-1.4113081758,-1.5493367540,2.9643201875
875,-0.7299194609,-1.1925524468,54.0276327786,-1.4181649150,-1.5482112367,2.9703702343
876,-0.7609281269,-1.2067672290,55.2961169432,-1.4792010759,-1.5473586511,3.0311473462
877,-0.7923856713,-1.2214375956,56.5682817921,-1.4456086403,-1.5461545825,2.9973394961
878,-0.8246538282,-1.2368508217,57.8376227708,-1.4218854326,-1.5450229140,2.9737282542
879,-0.8572945330,-1.2515332605,59.1008451789,-1.4314495097,-1.5442610991,2.9830754689
880,-0.8924100747,-1.2654912981,60.3613655515,-1.4501536928,-1.5436680176,3.0013719546
881,-0.9253836876,-1.2805172368,61.6160285138,-1.4613476151,-1.5431989030,3.0132635609
882,-0.9589270826,-1.2951553515,62.8740510607,-1.4965085284,-1.5426066445,3.0499192533
883,-0.9925764475,-1.3104825195,64.1250956599,-1.4938747664,-1.5417569052,3.0481491541
884,-1.0279838054,-1.3274655952,65.3769661239,-1.4407626683,-1.5408305227,2.9951060780
885,-1.0646812231,-1.3444681340,66.6204311480,-1.4716047912,-1.5404458946,3.0254253853
886,-1.1034726822,-1.3606468541,67.8580189288,-1.5339658095,-1.5403143153,3.0860627114
887,-1.1444915781,-1.3791872220,69.0996908111,-1.5246739040,-1.5402646516,3.0744291434
888,-1.1846765769,-1.3973566992,70.3353597679,-1.5239209163,-1.5405781559,3.0711790715
889,-1.2241043314,-1.4143184796,71.5669058975,-1.5127087056,-1.5415796025,3.0578905232
890,-1.2590680072,-1.4315019403,72.7939462410,-1.4426134918,-1.5432947624,2.9876189138
891,-1.2917866934,-1.4479215281,74.0079466122,-1.3815242629,-1.5447185410,2.9255971739
892,-1.3168716538,-1.4649479295,75.2104238870,-1.3792523699,-1.5462191138,2.9254987126
893,-1.3360404799,-1.4818925959,76.3892266955,-1.5735502987,-1.5484543907,3.1229091979
894,-1.3592050690,-1.5000131753,77.5534397483,-1.5488097650,-1.5506665488,3.0968205786
895,-1.3787154178,-1.5208223047,78.7042861552,-1.2492289889,-1.5524498558,2.7973794258
896,-1.3941215085,-1.5374176085,79.8268410950,-1.1598878814,-1.5551063351,2.7072382985
897,-1.4060170913,-1.5520680322,80.9343549064,-1.3145460704,-1.5598117144,2.8616183974
898,-1.4112492091,-1.5701997788,82.0331146721,-1.8674104191,-1.5628964442,-2.8678536736
899,-1.4113562337,-1.5913658752,83.1277828461,-2.6180983061,-1.5615634310,-2.1153591222
900,-1.4081084006,-1.6143585102,84.2232596121,-2.9286604540,-1.5606173201,-1.8030492390
901,-1.4032525758,-1.6390736059,85.3211644772,-3.0842746439,-1.5631355992,-1.6460520820
902,-1.4004897339,-1.6609567865,86.4172415521,2.9976425226,-1.5655705304,-1.4451233576
903,-1.3980649756,-1.6815612121,87.5025802299,2.8596220374,-1.5644722454,-1.3072117545
904,-1.3925988814,-1.7026956191,88.5850561803,2.8306696444,-1.5619717357,-1.2782800906
905,-1.3875696165,-1.7270784241,89.6639427521,2.7679919424,-1.5609125425,-1.2160813653
906,-1.3799353358,-1.7540727123,90.7416659226,2.6170009357,-1.5625355218,-1.0648127929
907,-1.3712676605,-1.7788741672,91.8157251670,2.5056993711,-1.5639329576,-0.9522593706
908,-1.3633421768,-1.8000627669,92.8848013323,2.4783668938,-1.5647969884,-0.9238169599
909,-1.3554746998,-1.8219177534,93.9483634719,2.6009635776,-1.5663907798,-1.0445589677
910,-1.3485746558,-1.8433674309,95.0108951493,-2.9506654383,-1.5670545615,-1.7739635129
911,-1.3453540383,-1.8642540475,96.0645545029,-2.4954106064,-1.5635401999,-2.2269676889
912,-1.3491705269,-1.8848905885,97.1178352734,-2.4307940656,-1.5584581278,-2.2912625889
913,-1.3595994248,-1.9061669910,98.1734974622,-2.4160614026,-1.5530429973,-2.3067337589
914,-1.3752449442,-1.9326461824,99.2354735555,-2.2993559489,-1.5490842062,-2.4243748815
915,-1.3958737607,-1.9588645469,100.3018966329,-2.1245219903,-1.5455906166,-2.5994937511
916,-1.4230951138,-1.9850024587,101.3759357113,-1.9666881126,-1.5406847610,-2.7580597916
917,-1.4571804840,-2.0113481474,102.4531546815,-1.8642825271,-1.5344870286,-2.8602056772
918,-1.4994731166,-2.0366845363,103.5340312323,-1.8098597042,-1.5274694923,-2.9153297882
919,-1.5515003752,-2.0608734711,104.6225694663,-1.7595820092,-1.5215582158,-2.9673881989
920,-1.6112523401,-2.0840773416,105.7163079419,-1.7224584820,-1.5175136459,-3.0079673697
921,-1.6746076029,-2.1073857011,106.8135851855,-1.7287492508,-1.5160665456,-3.0057262137
922,-1.7380352849,-2.1293097396,107.9173811824,-1.7547521753,-1.5175594078,-2.9843908039
923,-1.7969747381,-2.1520097115,109.0274475705,-1.7933865434,-1.5214635458,-2.9496436284
924,-1.8486907689,-2.1744730199,110.1479275442,-1.8099280181,-1.5270366351,-2.9355265003
925,-1.8923810226,-2.1959240310,111.2742826428,-1.8124598897,-1.5338442856,-2.9347306046
926,-1.9261899454,-2.2180994336,112.4094808809,-1.8577567266,-1.5417376234,-2.8903806993
927,-1.9503820919,-2.2390161170,113.5468983792,-2.0220724532,-1.5502083619,-2.7272467327
928,-1.9633338294,-2.2600867662,114.6920400658,-2.4195356593,-1.5577160680,-2.3304148849
929,-1.9638295106,-2.2823152515,115.8445643969,3.0707506414,-1.5608477701,-1.5368491083
930,-1.9509316934,-2.3074502462,117.0071720059,2.3779579729,-1.5559796340,-0.8430580306
931,-1.9269790430,-2.3324908658,118.1734131804,2.0972766115,-1.5480933220,-0.5603037970
932,-1.8927313507,-2.3583591511,119.3498469473,1.9467320446,-1.5408086575,-0.4087829443
933,-1.8518573981,-2.3838476150,120.5320390894,1.8452892404,-1.5345238211,-0.3068306881
934,-1.8021583735,-2.4101363739,121.7223141804,1.7839985181,-1.5289997895,-0.2456246658
935,-1.7477176927,-2.4348683231,122.9245744120,1.7434759972,-1.5239301771,-0.2065164722
936,-1.6903598919,-2.4599230102,124.1325325677,1.7120843150,-1.5194225714,-0.1777051859
937,-1.6279870820,-2.4833005765,125.3503553001,1.6932594575,-1.5156810906,-0.1616104473
938,-1.5559268205,-2.5050972178,126.5765366648,1.6612442309,-1.5128281669,-0.1291937519
939,-1.4815639912,-2.5287505701,127.8098039656,1.6518291393,-1.5114014573,-0.1197268786
940,-1.4021500849,-2.5519722290,129.0530563048,1.7314701832,-1.5106325267,-0.1972098361
941,-1.3191899010,-2.5755675584,130.3076505696,1.7530120120,-1.5113816671,-0.2142368884
942,-1.2383213053,-2.6027744130,131.5772248566,1.7056424870,-1.5140867439,-0.1628110524
943,-1.1594423763,-2.6254774814,132.8555259232,1.6940551826,-1.5176080849,-0.1466658945
944,-1.0856131608,-2.6456500020,134.1476781688,1.6620348645,-1.5227942594,-0.1101883396
945,-1.0179236739,-2.6677405987,135.4474863516,1.6652686278,-1.5291537150,-0.1086274918
946,-0.9591155673,-2.6873567864,136.7551355430,1.7341932416,-1.5356331060,-0.1736428643
947,-0.9105560795,-2.7072474704,138.0803354159,1.7713351233,-1.5420764183,-0.2083053345
948,-0.8726503405,-2.7279240081,139.4154165812,1.7896537927,-1.5484853511,-0.2258548710
949,-0.8434228416,-2.7491585332,140.7575357864,1.7981018821,-1.5541635030,-0.2345940417
950,-0.8257364803,-2.7682421364,142.1177344380,1.7312970600,-1.5597416203,-0.1695089475
951,-0.8156232344,-2.7862731974,143.4838273311,2.0158726983,-1.5646253937,-0.4551809257
952,-0.8120438981,-2.8025811795,144.8569718588,3.0717762861,-1.5650985981,-1.5119469385
953,-0.8149745478,-2.8239235030,146.2400994774,-2.6235162910,-1.5618447340,-2.1009926279
954,-0.8211449603,-2.8510187375,147.6276709472,-2.5525724312,-1.5561399535,-2.1719709272
955,-0.8334164600,-2.8812895439,149.0316052049,-2.5634724984,-1.5518321514,-2.1624235636
956,-0.8483167711,-2.9166602595,150.4443460583,-2.5208594638,-1.5502687541,-2.2057823519
957,-0.8649908955,-2.9546085791,151.8669869005,-2.4409927069,-1.5497303256,-2.2861456084
958,-0.8827158409,-2.9932436290,153.2950656211,-2.3551940933,-1.5495826232,-2.3724346344
959,-0.9035504595,-3.0306221761,154.7309875294,-2.2473033774,-1.5495904869,-2.4810662746
960,-0.9251611034,-3.0670659555,156.1737777017,-2.1600400304,-1.5491441068,-2.5683977138
961,-0.9500018814,-3.1022845378,157.6146747244,-2.0685484164,-1.5483521398,-2.6605618153
962,-0.9753269985,-3.1376918008,159.0575359927,-1.9490056222,-1.5476741657,-2.7797259132
963,-1.0055985865,-3.1698662498,160.4976381150,-1.8701952448,-1.5463616055,-2.8593823094
964,-1.0371550981,-3.2024689284,161.9372866812,-1.8791647214,-1.5444696355,-2.8509014677
965,-1.0730021094,-3.2346841531,163.3746181995,-1.8999651604,-1.5429627148,-2.8313032243
966,-1.1098381340,-3.2694208798,164.8104797917,-1.9104689717,-1.5420766421,-2.8215518027
967,-1.1481190273,-3.3039186615,166.2463523435,-1.9648709562,-1.5412372529,-2.7680437099
968,-1.1861688646,-3.3396309164,167.6798302912,-1.9763136327,-1.5412732758,-2.7576366088
969,-1.2230115934,-3.3757943714,169.1202774168,-1.9142067134,-1.5423277747,-2.8200496744
970,-1.2600562404,-3.4107055439,170.5534806816,-1.8699411409,-1.5431739801,-2.8644588184
971,-1.2954474387,-3.4447943693,171.9853175618,-1.8576222407,-1.5439275518,-2.8769450713
972,-1.3313640064,-3.4787341079,173.4126300308,-1.8587991878,-1.5447812933,-2.8768426022
973,-1.3648523993,-3.5132951340,174.8346628319,-1.9033741974,-1.5454852300,-2.8328924650
974,-1.3974685900,-3.5481343738,176.2587405330,-1.9287846958,-1.5464758569,-2.8083340341
975,-1.4269818163,-3.5841634451,177.6769673310,-1.9888703483,-1.5474485726,-2.7481334757
976,-1.4531865190,-3.6189520487,179.0907440596,-2.0800600879,-1.5479260076,-2.6555350183
977,-1.4764064739,-3.6555730711,180.5042568963,-2.1024380180,-1.5492189276,-2.6307511243
978,-1.4986628189,-3.6924913999,181.9160471214,-2.0168018735,-1.5515819196,-2.7150086155
979,-1.5197712000,-3.7267146166,183.3269627468,-1.8170038175,-1.5544546299,-2.9141575899
980,-1.5412284619,-3.7540666913,184.7276947694,-1.9012835873,-1.5557098098,-2.8308456260
981,-1.5613318197,-3.7810683044,186.1214830133,-2.1237912135,-1.5559789347,-2.6096224919
982,-1.5786287479,-3.8145408876,187.5141844744,-2.2464192899,-1.5561672145,-2.4871035004
983,-1.5932236572,-3.8501278722,188.9075832325,-2.3062854070,-1.5571016043,-2.4270253675
984,-1.6061894445,-3.8849125310,190.3003383114,-2.2131433571,-1.5589914307,-2.5194157510
985,-1.6164205114,-3.9175363474,191.6866755944,-2.0863847633,-1.5602201374,-2.6445452264
986,-1.6267471449,-3.9487382220,193.0668353450,-2.1297233109,-1.5599348022,-2.5999006110
987,-1.6366558003,-3.9789317311,194.4423107551,-2.2384594976,-1.5587615144,-2.4896428366
988,-1.6482168917,-4.0114837193,195.8167004662,-2.3139947089,-1.5575561970,-2.4140663496
989,-1.6600261004,-4.0459347576,197.1886533342,-2.3388563603,-1.5569686692,-2.3888179268
990,-1.6724577667,-4.0818992173,198.5554461923,-2.2610089201,-1.5577259098,-2.4673263582
991,-1.6848508665,-4.1160920349,199.9206546601,-2.1574828659,-1.5584503823,-2.5710552999
992,-1.6973667592,-4.1482075866,201.2769743233,-2.1291535549,-1.5584068453,-2.5995934956
993,-1.7084542381,-4.1803506177,202.6358038648,-2.0960358910,-1.5585129322,-2.6329745610
994,-1.7199588939,-4.2133781841,203.9886047741,-2.0983610380,-1.5585872563,-2.6313464116
995,-1.7300622585,-4.2451520817,205.3348596979,-2.1325561850,-1.5581129386,-2.5972509682
996,-1.7401818107,-4.2779626672,206.6781287396,-2.1524742413,-1.5577362561,-2.5770275852
997,-1.7487705405,-4.3116803719,208.0164730675,-2.1945071664,-1.5572071550,-2.5345599050
998,-1.7595031673,-4.3441015249,209.3567271672,-2.1453859435,-1.5575551893,-2.5837053930
999,-1.7706690845,-4.3771980425,210.6910778971,-2.0910822323,-1.5577224381,-2.6385013153
1000,-1.7821482256,-4.4087648868,212.0164550826,-2.1005362248,-1.5573228545,-2.6286190680
1001,-1.7944124411,-4.4393799085,213.3327664972,-2.0686012189,-1.5568749762,-2.6603003870
1002,-1.8042547320,-4.4711686022,214.6327672356,-1.9508823917,-1.5565907941,-2.7768698267
1003,-1.8159693213,-4.5030946170,215.9140176244,-1.7870797504,-1.5557026339,-2.9405694619
1004,-1.8271475805,-4.5335664703,217.1735868563,-1.6313276812,-1.5544692811,-3.0953522580
1005,-1.8425135886,-4.5629541115,218.4091725355,-1.4894368473,-1.5529690056,3.0453752758
1006,-1.8593250080,-4.5910979558,219.6173759427,-1.4946023792,-1.5515187804,3.0495557045
1007,-1.8769906695,-4.6162337511,220.7952019308,-1.5487121071,-1.5501122073,3.1036276380
1008,-1.8934820105,-4.6452398822,221.9517391360,-1.5327635697,-1.5478307564,3.0881169944
1009,-1.9144428270,-4.6741242831,223.0773289802,-1.5483838122,-1.5445062736,3.1037565374
1010,-1.9375503584,-4.7008512172,224.1716076686,-1.5681509828,-1.5407567231,3.1243566043
1011,-1.9667344518,-4.7274081124,225.2337010072,-1.5791329748,-1.5372313278,3.1344709610
1012,-1.9984377276,-4.7549592911,226.2699914754,-1.5891300517,-1.5343566628,-3.1393433133
1013,-2.0334657190,-4.7818933324,227.2700222846,-1.5832141353,-1.5322114941,3.1356350886
1014,-2.0666343531,-4.8069889480,228.2408268967,-1.5520019743,-1.5308129371,3.1044558117
1015,-2.0984187301,-4.8320336668,229.1792782505,-1.5085433109,-1.5293425983,3.0609940051
1016,-2.1315374280,-4.8548874022,230.0814261911,-1.5000545697,-1.5278858747,3.0526609735
1017,-2.1655628674,-4.8758636239,230.9536289078,-1.5068663660,-1.5261877648,3.0591426400
1018,-2.1985623056,-4.8949342082,231.7931151968,-1.5190000337,-1.5242828602,3.0719374477
1019,-2.2338296711,-4.9146045768,232.6000084852,-1.5552194107,-1.5225776319,3.1070236810
1020,-2.2701295918,-4.9355639140,233.3854214564,-1.6080706371,-1.5219557803,-3.1249007452
1021,-2.3055447535,-4.9554849264,234.1583072683,-1.6933895059,-1.5229158996,-3.0411925859
1022,-2.3387888517,-4.9758006600,234.9313232993,-1.7780815264,-1.5260440884,-2.9581995837
1023,-2.3660723051,-4.9960495296,235.7030099256,-1.8264330278,-1.5305782768,-2.9096161528
1024,-2.3859924021,-5.0156465648,236.4733358104,-1.8348487521,-1.5348862681,-2.8996805074
1025,-2.4024174748,-5.0346397308,237.2421003034,-1.8310138667,-1.5391489901,-2.9018188967
1026,-2.4189617857,-5.0529035172,238.0043620301,-1.8317454374,-1.5435808635,-2.8997895404
1027,-2.4371175728,-5.0711935259,238.7680715095,-1.8693851326,-1.5480512244,-2.8621788257
1028,-2.4496269384,-5.0894317982,239.5252554929,-1.9475770434,-1.5523033181,-2.7836843854
1029,-2.4593162016,-5.1061389511,240.2797537660,-2.0537306917,-1.5561217514,-2.6775877352
1030,-2.4679704592,-5.1224107992,241.0311880403,-2.1793919534,-1.5595952199,-2.5519849566
1031,-2.4754215131,-5.1377548015,241.7790756159,-2.3285029123,-1.5630496790,-2.4026826270
1032,-2.4833178928,-5.1509234807,242.5246883675,-2.5774186714,-1.5661267027,-2.1540463825
1033,-2.4871927087,-5.1647823149,243.2674329620,-2.9729314342,-1.5673122794,-1.7577987517
1034,-2.4922345290,-5.1776544944,244.0044626389,3.0259834211,-1.5663055641,-1.4730688815
1035,-2.4941759325,-5.1918036001,244.7411694301,2.9526183177,-1.5635052456,-1.3998520007
1036,-2.5001314559,-5.2036429364,245.4820986739,2.9457696830,-1.5596376838,-1.3939101823
1037,-2.5017581904,-5.2184256897,246.2278437947,2.9428087408,-1.5573798005,-1.3909508816
1038,-2.5040934787,-5.2354773718,246.9812341337,2.9765000328,-1.5573609804,-1.4238162382
1039,-2.5052046804,-5.2537649244,247.7378595373,3.0132728179,-1.5578382704,-1.4600037103
1040,-2.5095427098,-5.2705562061,248.4984734675,3.0612425065,-1.5581438998,-1.5089890844
1041,-2.5127806985,-5.2889739261,249.2645635178,3.1074065568,-1.5566681833,-1.5554953636
1042,-2.5147986866,-5.3077329724,250.0317940583,3.0889386259,-1.5542189162,-1.5353716962
1043,-2.5119249715,-5.3262062362,250.8046738613,3.0507729717,-1.5523872953,-1.4944957920
1044,-2.5101377838,-5.3431834761,251.5869331330,2.9666650377,-1.5543949952,-1.4091986698
1045,-2.5158430675,-5.3612760139,252.3773585870,2.7925915775,-1.5599007283,-1.2392863076
1046,-2.5149192634,-5.3809668317,253.1750064469,2.2677589634,-1.5642051197,-0.7146781273
1047,-2.5072166453,-5.3954974496,253.9699020764,2.1415433982,-1.5625252633,-0.5864488800
1048,-2.5013286456,-5.4081358454,254.7647877724,2.3712899557,-1.5561993519,-0.8165722271
1049,-2.4960602287,-5.4214041596,255.5654691725,2.4254763593,-1.5504707584,-0.8723771790
1050,-2.4871669828,-5.4401917968,256.3722376305,2.3695890072,-1.5483219866,-0.8181297857
1051,-2.4737516799,-5.4632417626,257.1914760390,2.2489035157,-1.5477160676,-0.6973508163
1052,-2.4547614537,-5.4855832518,258.0138793986,2.1088175788,-1.5474990346,-0.5549739154
1053,-2.4317965865,-5.5042743374,258.8417913794,2.0270289512,-1.5466020662,-0.4695886652
1054,-2.4117382362,-5.5231990202,259.6730675132,2.0163042083,-1.5444771027,-0.4582477257
1055,-2.3938125223,-5.5432458389,260.5093296485,2.0585702560,-1.5417237255,-0.5024394317
1056,-2.3721640346,-5.5626665854,261.3533165492,2.1285227785,-1.5388037796,-0.5738105976
1057,-2.3471723726,-5.5824788980,262.2062015797,2.1528371001,-1.5364063560,-0.5983738213
1058,-2.3214674765,-5.6057338019,263.0733405455,2.0844343121,-1.5355314960,-0.5308779984
1059,-2.2955111023,-5.6309728876,263.9484201956,2.0049460915,-1.5345703890,-0.4525441595
1060,-2.2664495034,-5.6553493802,264.8327760691,1.9775018327,-1.5334612915,-0.4254809446
1061,-2.2347549079,-5.6785138309,265.7250518121,1.9834555928,-1.5328267499,-0.4314035081
1062,-2.1986553136,-5.7028931116,266.6261355590,1.9885930878,-1.5326539828,-0.4344401674
1063,-2.1620891053,-5.7283089558,267.5351064016,1.9640574822,-1.5330000215,-0.4084694484
1064,-2.1246429615,-5.7551324698,268.4530251217,1.9562843234,-1.5327917015,-0.3995989718
1065,-2.0905210539,-5.7812821048,269.3775636426,1.9426705558,-1.5329169794,-0.3852387436
1066,-2.0572790410,-5.8065485376,270.3094238852,1.9223827283,-1.5334311217,-0.3644395757
1067,-2.0255002743,-5.8316279210,271.2440482606,1.8787644181,-1.5343138806,-0.3213896154
1068,-1.9942260155,-5.8588194759,272.1816797933,1.8692200666,-1.5353693508,-0.3115527401
1069,-1.9650624624,-5.8848403753,273.1171339260,1.8913659471,-1.5368964842,-0.3337871922
1070,-1.9394278031,-5.9089651386,274.0527242783,1.9447392660,-1.5386995565,-0.3873976450
1071,-1.9182704093,-5.9339562567,274.9878345123,1.9992907802,-1.5408178188,-0.4434085743
1072,-1.9004905521,-5.9601310251,275.9213868367,2.0448860492,-1.5431507582,-0.4906587222
1073,-1.8853125978,-5.9859206225,276.8551913510,2.0758860528,-1.5458461169,-0.5228396921
1074,-1.8727526035,-6.0118717103,277.7875604908,2.0772211621,-1.5487506214,-0.5251781770
1075,-1.8619210383,-6.0377055738,278.7208780738,2.0492087725,-1.5519153596,-0.4972134746
1076,-1.8521561314,-6.0622233607,279.6482539327,2.0390542247,-1.5545218024,-0.4871960634
1077,-1.8452195057,-6.0849445810,280.5727860969,2.0620192409,-1.5567286150,-0.5103917083
1078,-1.8392824901,-6.1064666550,281.4944887880,2.1156394300,-1.5584860087,-0.5644006569
1079,-1.8335653489,-6.1274888907,282.4132665410,2.2012030569,-1.5597597964,-0.6490945362
1080,-1.8290142376,-6.1491043020,283.3286198485,2.3229708940,-1.5605613232,-0.7705517089
1081,-1.8273372228,-6.1702686999,284.2397897752,2.4502607665,-1.5613649915,-0.8978825313
1082,-1.8277958888,-6.1916276618,285.1389355672,2.5327644543,-1.5628691605,-0.9811567246
1083,-1.8285868972,-6.2137136719,286.0220065359,2.5998465210,-1.5644630102,-1.0481185564
1084,-1.8317279612,-6.2364528008,286.8825703358,2.7652381794,-1.5645041395,-1.2147576134
1085,-1.8381785751,-6.2588030406,287.7261086950,2.9242929374,-1.5625809082,-1.3762779977
1086,-1.8429554412,-6.2806988376,288.5561880286,2.9993239813,-1.5596344025,-1.4538512128
1087,-1.8458175788,-6.3037150311,289.3824282956,3.0225723013,-1.5574174627,-1.4787626250
1088,-1.8490807755,-6.3285585527,290.2070872347,3.0019458684,-1.5567696195,-1.4598479624
1089,-1.8516204628,-6.3521310431,291.0311509517,2.9712914860,-1.5561394659,-1.4311702627
1090,-1.8522319937,-6.3756987955,291.8511015982,2.9206978768,-1.5551974872,-1.3817369754
1091,-1.8520727589,-6.4022595840,292.6657435232,2.8427167624,-1.5538616269,-1.3057154295
1092,-1.8496504876,-6.4305054733,293.4775347397,2.7615759910,-1.5530690982,-1.2257800209
1093,-1.8461126375,-6.4575952751,294.2853275993,2.6700523705,-1.5536576559,-1.1352248088
1094,-1.8400377420,-6.4852212424,295.0939728430,2.5656363473,-1.5549290167,-1.0303287867
1095,-1.8339139385,-6.5118726809,295.8974274992,2.4916065520,-1.5568221460,-0.9551355519
1096,-1.8275150170,-6.5364630053,296.6967660738,2.4747169768,-1.5592576755,-0.9369919200
1097,-1.8237599374,-6.5590045555,297.4942705236,2.5009506363,-1.5614579168,-0.9624476806
1098,-1.8204940684,-6.5796129047,298.2903163097,2.5968795362,-1.5629350398,-1.0575168383
1099,-1.8174150040,-6.5982786773,299.0886876766,2.7072928697,-1.5645886900,-1.1667728418
1100,-1.8147318002,-6.6152384754,299.8893129393,3.0189793775,-1.5656017089,-1.4766824883
