frame,path,points,sampled_points,lambda1,lambda2,lambda3,linearity,planarity,scattering,degeneracy_score,range_mean_m,range_p95_m,intensity_mean,intensity_std,intensity_p05,intensity_p95
0,dogfooding_results/lidar_degeneracy_tunnel_200/00000000/cloud.pcd,39727,19864,46.622658499950305,16.95888283248216,3.860515583434932,0.6362523421417455,0.28094423764061394,0.08280342021764046,0.6362523421417455,6.64838468311584,14.757624693466301,1828.0276386336748,1500.7194373209866,59.0,4726.399999999994
1,dogfooding_results/lidar_degeneracy_tunnel_200/00000001/cloud.pcd,39760,19880,46.87789833359696,16.956443073549373,3.8542535178433304,0.6382849130120485,0.27949609563267946,0.08221899135527205,0.6382849130120485,6.648751441140215,14.76325408618541,1825.3958249496982,1500.0645693053298,54.0,4731.0
2,dogfooding_results/lidar_degeneracy_tunnel_200/00000002/cloud.pcd,39776,19888,46.36169789796403,16.978547412119756,3.8520952173740928,0.633780724565194,0.2831313948776262,0.08308788055717989,0.633780724565194,6.641546146756719,14.75556207852873,1824.212691069992,1499.620820576547,54.0,4728.25
3,dogfooding_results/lidar_degeneracy_tunnel_200/00000003/cloud.pcd,39771,19886,47.42164791875139,16.992142394002453,3.861823467811652,0.6416796307223341,0.27688449268332643,0.08143587659433944,0.6416796307223341,6.666847196555485,14.793986019765235,1823.62736667421,1499.201465433771,55.0,4725.0
4,dogfooding_results/lidar_degeneracy_tunnel_200/00000004/cloud.pcd,39796,19898,47.10411881488438,16.963291020159758,3.8593338332620992,0.6398766934410937,0.27819132416838577,0.08193198239052064,0.6398766934410937,6.649375696732342,14.756615127768791,1822.1518243039502,1498.910325621462,52.0,4727.0
5,dogfooding_results/lidar_degeneracy_tunnel_200/00000005/cloud.pcd,39765,19883,47.10257614069324,16.97449653110808,3.8645483424979137,0.6396270029816196,0.2783276258489844,0.08204537116939602,0.6396270029816196,6.655190221769451,14.737001605075978,1823.3787501571735,1498.7315222040368,53.0,4716.799999999996
6,dogfooding_results/lidar_degeneracy_tunnel_200/00000006/cloud.pcd,39803,19902,46.44050665128091,16.96401997560663,3.8568391900608807,0.6347150106912383,0.2822359558642806,0.08304903344448121,0.6347150106912383,6.6416879355824765,14.765239015429175,1823.0110544431325,1498.7508587826253,51.0,4721.9000000000015
7,dogfooding_results/lidar_degeneracy_tunnel_200/00000007/cloud.pcd,39744,19872,47.085377372165254,16.961702875364118,3.852118821489499,0.6397670822238942,0.2784215564474675,0.08181136132863825,0.6397670822238942,6.652113956659481,14.784230633976222,1825.51182568438,1497.7999868087015,56.0,4725.8499999999985
8,dogfooding_results/lidar_degeneracy_tunnel_200/00000008/cloud.pcd,39723,19862,46.477619846198245,16.96844986654966,3.853837816404323,0.6349113848191683,0.28217047459709965,0.0829181405837321,0.6349113848191683,6.645430777402742,14.756374508828332,1826.6778188958538,1498.14654556612,57.0,4718.9000000000015
9,dogfooding_results/lidar_degeneracy_tunnel_200/00000009/cloud.pcd,39809,19905,46.50389499442467,16.929264154228605,3.8573590190220637,0.6359602963094113,0.2810926942092426,0.08294700948134603,0.6359602963094113,6.636349412700325,14.754592530568326,1822.535758245623,1498.7793641961894,50.0,4721.5999999999985
10,dogfooding_results/lidar_degeneracy_tunnel_200/00000010/cloud.pcd,39856,19928,46.72339690304844,16.929721501331144,3.8622551116763417,0.6376607305230717,0.2796771479772744,0.08266212149965388,0.6376607305230717,6.638051054766979,14.775663166026058,1820.4716981132076,1499.2768991400314,45.0,4724.0
11,dogfooding_results/lidar_degeneracy_tunnel_200/00000011/cloud.pcd,39770,19885,46.33936113884037,16.937698329913193,3.8570180280012276,0.6344857176782163,0.2822801173870328,0.08323416493475094,0.6344857176782163,6.635201915849313,14.731345310979929,1824.4010812169977,1498.4968351425362,51.0,4728.549999999996
12,dogfooding_results/lidar_degeneracy_tunnel_200/00000012/cloud.pcd,39811,19906,46.369080548008014,16.939012774340828,3.859752957712321,0.6346916398999307,0.28206856081795617,0.08323979928211307,0.6346916398999307,6.641284319946598,14.765959777482195,1822.8342166737837,1498.997337306597,50.0,4724.0
13,dogfooding_results/lidar_degeneracy_tunnel_200/00000013/cloud.pcd,39774,19887,46.44073795493858,16.938059392177735,3.8536246108244807,0.6352758345784099,0.2817447645653063,0.08297940085628377,0.6352758345784099,6.64250353386033,14.79322086758686,1824.6971388344145,1498.2286555572352,53.65000000000009,4731.0
14,dogfooding_results/lidar_degeneracy_tunnel_200/00000014/cloud.pcd,39768,19884,46.368989849845185,16.93819749954277,3.864512566785871,0.6347085076816845,0.2819488838357894,0.08334260848252603,0.6347085076816845,6.639784749297888,14.745748638715021,1823.7468567692617,1497.711576798208,54.0,4724.6500000000015
15,dogfooding_results/lidar_degeneracy_tunnel_200/00000015/cloud.pcd,39779,19890,46.93029754170592,16.94071815031664,3.8563564186805563,0.6390238494596844,0.2788041503467627,0.08217200019355295,0.6390238494596844,6.6467138702134605,14.771954217031096,1823.6886296789764,1497.8462026935317,56.0,4722.0
16,dogfooding_results/lidar_degeneracy_tunnel_200/00000016/cloud.pcd,39771,19886,45.87478735901855,16.933000429081165,3.852086753906922,0.6308865631013699,0.28514385413500254,0.08396958276362754,0.6308865631013699,6.6282670858684565,14.722735920850411,1825.2032888285435,1498.2626390225885,56.0,4732.0
17,dogfooding_results/lidar_degeneracy_tunnel_200/00000017/cloud.pcd,39801,19901,45.86123665613691,16.924145563776406,3.860418507958934,0.6309705799982673,0.2848533534707759,0.08417606653095677,0.6309705799982673,6.630644962288495,14.7705323532916,1823.1056757367905,1498.862291868024,52.0,4728.0
18,dogfooding_results/lidar_degeneracy_tunnel_200/00000018/cloud.pcd,39758,19879,46.57489143250752,16.945657575325892,3.862752766590504,0.6361632404472238,0.2809003822949121,0.08293637725786406,0.6361632404472238,6.645179761697257,14.782210716435898,1824.6222143971024,1497.8779699425393,54.0,4722.300000000003
19,dogfooding_results/lidar_degeneracy_tunnel_200/00000019/cloud.pcd,39720,19860,45.93685857358588,16.965741298445803,3.8568441157340194,0.630672583514423,0.28536773279158273,0.08395968369399427,0.630672583514423,6.639712511512075,14.712517867676725,1825.8336606243706,1497.6970434764708,59.0,4725.049999999996
20,dogfooding_results/lidar_degeneracy_tunnel_200/00000020/cloud.pcd,39753,19877,46.37981959085393,16.950371539006575,3.8603536804511966,0.6345313179624964,0.28223520432012894,0.08323347771737465,0.6345313179624964,6.64108947506666,14.718077187098464,1823.3294845672024,1496.8555707426146,56.0,4722.0
21,dogfooding_results/lidar_degeneracy_tunnel_200/00000021/cloud.pcd,39660,19830,46.97746584158138,16.99326257101455,3.854293253829101,0.6382677893201036,0.27968663447051445,0.08204557620938192,0.6382677893201036,6.66584013848035,14.782919561582471,1827.911976802824,1497.0337631768875,65.0,4716.049999999996
22,dogfooding_results/lidar_degeneracy_tunnel_200/00000022/cloud.pcd,39758,19879,46.62009731264288,16.96259829021218,3.859300053000634,0.6361526623066035,0.28106544156994,0.08278189612345643,0.6361526623066035,6.6491464179367,14.768078708305612,1823.2180441672117,1497.6311151816383,55.0,4711.1500000000015
23,dogfooding_results/lidar_degeneracy_tunnel_200/00000023/cloud.pcd,39748,19874,46.469426927956185,16.965452386359413,3.8615853783850786,0.63491152123176,0.28198899522238347,0.08309948354585656,0.63491152123176,6.649699899618742,14.737476452495477,1823.528705846835,1497.2287148599419,56.0,4722.6500000000015
24,dogfooding_results/lidar_degeneracy_tunnel_200/00000024/cloud.pcd,39731,19866,46.95493198399154,16.959525800343233,3.8596830691919157,0.6388126851908702,0.2789875776120276,0.08219973719710225,0.6388126851908702,6.657079615826888,14.784868112191948,1824.1002743449699,1497.7684715653209,57.0,4713.5
25,dogfooding_results/lidar_degeneracy_tunnel_200/00000025/cloud.pcd,39784,19892,46.45598834960323,16.944860091768682,3.8589953164592075,0.6352491746758111,0.28168305616128897,0.08306776916289989,0.6352491746758111,6.644686469809568,14.755864810308022,1821.6969636034587,1497.5380073525828,54.0,4715.0
26,dogfooding_results/lidar_degeneracy_tunnel_200/00000026/cloud.pcd,39769,19885,46.20958696277529,16.96160148103705,3.8596738120449228,0.6329419370335277,0.2835326721172935,0.08352539084917879,0.6329419370335277,6.64428753064499,14.782325931942946,1822.0425205562121,1498.181601448234,53.0,4723.0
27,dogfooding_results/lidar_degeneracy_tunnel_200/00000027/cloud.pcd,39772,19886,46.8573914431649,16.960953939761403,3.8555640389222567,0.6380303423349124,0.27968671531225053,0.08228294235283704,0.6380303423349124,6.650992242447513,14.762835358156993,1822.344463441617,1497.6049086817138,54.0,4706.0
28,dogfooding_results/lidar_degeneracy_tunnel_200/00000028/cloud.pcd,39761,19881,46.68173838703801,16.969230873023662,3.859615161278997,0.636491024984291,0.2808296384134824,0.08267933660222658,0.636491024984291,6.65770764154051,14.769864477627092,1822.4232287920324,1498.0010922224449,56.0,4731.0
29,dogfooding_results/lidar_degeneracy_tunnel_200/00000029/cloud.pcd,39771,19886,46.36032161451883,16.97057230996123,3.862018493306217,0.6339418770415411,0.2827537290541522,0.08330439390430662,0.6339418770415411,6.647893012316196,14.776579292806366,1821.8194413014508,1498.0870417309025,54.0,4722.5
30,dogfooding_results/lidar_degeneracy_tunnel_200/00000030/cloud.pcd,39801,19901,46.797542444525476,16.950189622237797,3.861614416698547,0.6377974411299309,0.27968509716198553,0.08251746170808358,0.6377974411299309,6.651041815618488,14.794808005804931,1819.7040526619935,1497.919419846396,52.0,4725.0
31,dogfooding_results/lidar_degeneracy_tunnel_200/00000031/cloud.pcd,39818,19909,46.787771575204104,16.93179359722722,3.8681535390918804,0.6381149811759685,0.2792105633228879,0.08267445550114354,0.6381149811759685,6.644360901015767,14.773722479374994,1818.6677633231202,1497.5456844941473,48.0,4710.0
32,dogfooding_results/lidar_degeneracy_tunnel_200/00000032/cloud.pcd,39782,19891,46.69543792097208,16.953399489738903,3.862166144626714,0.6369367063559606,0.28035358330438936,0.08270971033965009,0.6369367063559606,6.64941835946386,14.78443988483783,1820.704313508622,1497.8325330590653,53.0,4716.0
33,dogfooding_results/lidar_degeneracy_tunnel_200/00000033/cloud.pcd,39745,19873,46.96809170104533,16.98157434391155,3.8621379349336262,0.6384444475198126,0.27932657968060337,0.08222897279958406,0.6384444475198126,6.665130617535354,14.775256709138928,1822.3394137627374,1497.5808404607553,56.0,4717.0
34,dogfooding_results/lidar_degeneracy_tunnel_200/00000034/cloud.pcd,39744,19872,47.08941623462028,16.96514166704112,3.8574662793461676,0.6397249525771718,0.27835714340536144,0.0819179040174668,0.6397249525771718,6.657808510003037,14.734448135225545,1821.091762278583,1496.8191898509494,56.0,4711.0
35,dogfooding_results/lidar_degeneracy_tunnel_200/00000035/cloud.pcd,39796,19898,45.99529339922048,16.94868443661626,3.8621890382878115,0.6315126356623371,0.28451814155728894,0.08396922278037403,0.6315126356623371,6.639777971778675,14.785413574788244,1818.7707055985527,1497.3295608239264,52.0,4708.0
36,dogfooding_results/lidar_degeneracy_tunnel_200/00000036/cloud.pcd,39857,19929,46.70326531510189,16.926936778274715,3.8678668093596826,0.6375641689275793,0.2796179213767367,0.08281790969568407,0.6375641689275793,6.644429065512328,14.740073609635703,1816.59143939584,1497.6115934240054,47.80000000000018,4711.0
37,dogfooding_results/lidar_degeneracy_tunnel_200/00000037/cloud.pcd,39872,19936,46.73220832502889,16.93575965633122,3.8637294517774827,0.6375998425210146,0.2797220733425646,0.08267808413642079,0.6375998425210146,6.646074742743222,14.771888435210656,1816.2589787319423,1497.8262739365682,46.0,4713.449999999997
38,dogfooding_results/lidar_degeneracy_tunnel_200/00000038/cloud.pcd,39803,19902,46.218751703911245,16.95842221007422,3.855852469284416,0.6330835086435465,0.2834903422906812,0.08342614906577227,0.6330835086435465,6.641726943617186,14.77033349093124,1819.9243775594805,1497.8764541605758,51.0,4720.0
39,dogfooding_results/lidar_degeneracy_tunnel_200/00000039/cloud.pcd,39769,19885,46.4076462646196,16.955344971504257,3.854375406061941,0.6346432897108439,0.28230196142117797,0.08305474886797806,0.6346432897108439,6.6447491142094695,14.766468600408665,1820.1992003822072,1496.7807678146157,54.0,4716.5999999999985
40,dogfooding_results/lidar_degeneracy_tunnel_200/00000040/cloud.pcd,39748,19874,46.9877539361711,16.97048857861993,3.8478907479414675,0.6388316708716721,0.27927697605006624,0.08189135307826167,0.6388316708716721,6.659111913742678,14.786185027218442,1821.3427845426186,1496.1894496319346,57.0,4718.0
41,dogfooding_results/lidar_degeneracy_tunnel_200/00000041/cloud.pcd,39808,19904,46.84573467310646,16.94713900251669,3.8548581668738664,0.6382351750746301,0.279476475862784,0.08228834906258586,0.6382351750746301,6.642368709980869,14.746813363890181,1819.30817926045,1496.7373382957662,51.0,4712.0
42,dogfooding_results/lidar_degeneracy_tunnel_200/00000042/cloud.pcd,39833,19917,46.542010056748424,16.928055401037582,3.8609790856552966,0.6362843938111548,0.2807587446148043,0.08295686157404086,0.6362843938111548,6.641243537589879,14.716987820203341,1817.411794240956,1495.165400359348,49.0,4705.0
43,dogfooding_results/lidar_degeneracy_tunnel_200/00000043/cloud.pcd,39762,19881,46.4148501960863,16.94905780878369,3.8561102883902474,0.6348354516457573,0.2820853124609985,0.08307923589324424,0.6348354516457573,6.638558430164186,14.716471462374013,1821.0437352245863,1495.7749430045708,54.0,4719.0
44,dogfooding_results/lidar_degeneracy_tunnel_200/00000044/cloud.pcd,39659,19830,46.050957537857116,16.964196594430067,3.841588291906171,0.6316211974423266,0.2849584244092252,0.08342037814844819,0.6316211974423266,6.636633066217904,14.695940816516995,1826.2499054439093,1495.0688308237034,63.0,4715.0999999999985
45,dogfooding_results/lidar_degeneracy_tunnel_200/00000045/cloud.pcd,39726,19863,46.82205919150657,16.93072055985716,3.856407700411971,0.638402905549093,0.2792340423553359,0.08236305209557114,0.638402905549093,6.6471686477733,14.673382386898213,1823.1782459849971,1494.691167169568,57.0,4711.75
46,dogfooding_results/lidar_degeneracy_tunnel_200/00000046/cloud.pcd,39667,19834,46.67015313209926,16.94348580927581,3.8405815459733477,0.6369524273614982,0.28075554468859065,0.0822920279499112,0.6369524273614982,6.645465750227941,14.803950141319442,1826.6730783774926,1494.7367771404447,64.0,4716.0
47,dogfooding_results/lidar_degeneracy_tunnel_200/00000047/cloud.pcd,39690,19845,45.954905840804464,16.914558660078004,3.840233043523392,0.6319313825019491,0.2845033708010692,0.08356524669698173,0.6319313825019491,6.626594601648999,14.68092907522202,1826.129931972789,1494.6710109800981,62.0,4718.0
48,dogfooding_results/lidar_degeneracy_tunnel_200/00000048/cloud.pcd,39770,19885,46.006784632748705,16.88709734263825,3.846094817324958,0.6329433261324326,0.2834582470697246,0.08359842679784271,0.6329433261324326,6.612701486835187,14.718316711787361,1824.049735981896,1496.071773650603,53.0,4712.549999999996
49,dogfooding_results/lidar_degeneracy_tunnel_200/00000049/cloud.pcd,39743,19872,47.027192661651,16.869199091430207,3.852338416799169,0.641288409180622,0.27679433829452943,0.08191725252484854,0.641288409180622,6.632104630708287,14.747363372985923,1826.3413682912715,1496.9961745033045,57.0,4721.0
50,dogfooding_results/lidar_degeneracy_tunnel_200/00000050/cloud.pcd,39770,19885,45.9554502194192,16.83301415020692,3.8478363073897426,0.6337101677856294,0.2825601268362743,0.08372970537809635,0.6337101677856294,6.605620060080888,14.668510797656285,1826.278501382952,1496.8658010773604,56.0,4721.099999999991
51,dogfooding_results/lidar_degeneracy_tunnel_200/00000051/cloud.pcd,39763,19882,46.41523085637318,16.852589597495296,3.8469254336547802,0.6369168204798167,0.28020250947550196,0.0828806700446814,0.6369168204798167,6.619275901009664,14.776717260924968,1826.2044614339964,1497.0687222002305,54.0,4711.0
52,dogfooding_results/lidar_degeneracy_tunnel_200/00000052/cloud.pcd,39798,19899,46.33168284787149,16.85141456317362,3.8518037394231937,0.6362874489470917,0.2805771347963813,0.08313541625652711,0.6362874489470917,6.6152425040766545,14.733892806508793,1824.0333936378713,1497.478175631379,51.0,4720.0
53,dogfooding_results/lidar_degeneracy_tunnel_200/00000053/cloud.pcd,39780,19890,46.710019714638804,16.844821423724948,3.8508152297801717,0.6393745597489906,0.27818455811682063,0.08244088213418878,0.6393745597489906,6.619798039589909,14.739572595994552,1824.6296128707893,1496.9188079567919,54.0,4720.0
54,dogfooding_results/lidar_degeneracy_tunnel_200/00000054/cloud.pcd,39813,19907,46.63568083847137,16.839502282409537,3.846801609769139,0.6389137677493055,0.27859999980792116,0.08248623244277331,0.6389137677493055,6.6117522347411395,14.70708456872061,1824.1142591615803,1497.599332670309,49.0,4716.0
55,dogfooding_results/lidar_degeneracy_tunnel_200/00000055/cloud.pcd,39712,19856,47.25518292133963,16.86239001515467,3.8386931438523586,0.6431631627958443,0.2756035648614754,0.08123327234268032,0.6431631627958443,6.6272348849142135,14.69790652379711,1826.9484286865431,1496.2811870341718,58.0,4716.449999999997
56,dogfooding_results/lidar_degeneracy_tunnel_200/00000056/cloud.pcd,39827,19914,47.32497672860876,16.854023847767472,3.847469791456953,0.6438661989329849,0.27483487484628455,0.08129892622073054,0.6438661989329849,6.626075803222067,14.72917638482405,1821.7599618349361,1496.36387828432,50.0,4719.0
57,dogfooding_results/lidar_degeneracy_tunnel_200/00000057/cloud.pcd,39787,19894,46.15860865993662,16.852607253910573,3.8412526648708796,0.6348978501915332,0.28188359586178136,0.0832185539466855,0.6348978501915332,6.613381921510458,14.740988979138441,1823.3546635835826,1495.8424325990695,51.0,4712.699999999997
58,dogfooding_results/lidar_degeneracy_tunnel_200/00000058/cloud.pcd,39708,19854,47.29235127473484,16.893121556688747,3.8369127832707783,0.6427937900877088,0.27607442686811456,0.08113178304417665,0.6427937900877088,6.639456956120565,14.764890199905508,1826.9294852422686,1494.8872885619664,61.0,4718.6500000000015
59,dogfooding_results/lidar_degeneracy_tunnel_200/00000059/cloud.pcd,39734,19867,46.64633445482351,16.873045304769477,3.838595177242764,0.6382771443464471,0.2794313911235714,0.08229146452998153,0.6382771443464471,6.622471138259385,14.739897038778768,1825.320405697891,1495.0208681259787,56.0,4716.3499999999985
60,dogfooding_results/lidar_degeneracy_tunnel_200/00000060/cloud.pcd,39692,19846,46.29253597537958,16.90462927343215,3.837615544419667,0.6348303475440883,0.28227042337801717,0.08289922907789457,0.6348303475440883,6.626687424038356,14.695303449568481,1827.9138617353624,1495.0673627431331,61.0,4720.449999999997
61,dogfooding_results/lidar_degeneracy_tunnel_200/00000061/cloud.pcd,39732,19866,46.89394090258867,16.880212692616464,3.8406307893310694,0.6400342481839774,0.2780653886687006,0.08190036314732202,0.6400342481839774,6.62295202891394,14.738233362265827,1825.1662891372193,1494.6962671883796,57.0,4717.449999999997
62,dogfooding_results/lidar_degeneracy_tunnel_200/00000062/cloud.pcd,39572,19786,46.674779249150035,16.932756508200075,3.8456213502191336,0.6372182840370171,0.28038986725832804,0.08239184870465485,0.6372182840370171,6.647066613925888,14.767807756492786,1826.3758970989588,1492.371770895483,64.0,4718.0
63,dogfooding_results/lidar_degeneracy_tunnel_200/00000063/cloud.pcd,39513,19757,47.749258228106726,16.951668967399282,3.8367281359831655,0.6449857108477344,0.27466271347637916,0.08035157567588654,0.6449857108477344,6.666562471890019,14.792841395537328,1820.6872927897148,1487.8956216983977,65.0,4704.4000000000015
64,dogfooding_results/lidar_degeneracy_tunnel_200/00000064/cloud.pcd,39471,19736,47.302556787582425,16.943183527201423,3.84029706806699,0.6418125218201896,0.2770016538001202,0.08118582437969021,0.6418125218201896,6.660458745121682,14.712483069451753,1823.796736844772,1488.4059759944496,68.5,4705.0
65,dogfooding_results/lidar_degeneracy_tunnel_200/00000065/cloud.pcd,39368,19684,46.963285971072565,16.983450495229643,3.8289881656238003,0.6383675003982741,0.2801009779790206,0.08153152162270541,0.6383675003982741,6.671743834401864,14.813363842101774,1842.660688884373,1492.449576077452,80.0,4727.6500000000015
66,dogfooding_results/lidar_degeneracy_tunnel_200/00000066/cloud.pcd,39466,19733,46.79708860996786,16.95580017063104,3.83868718647146,0.637674037546442,0.28029762905732586,0.08202833339623211,0.637674037546442,6.659366283678762,14.762859014759075,1840.992271828916,1493.7881164756961,72.0,4736.0
67,dogfooding_results/lidar_degeneracy_tunnel_200/00000067/cloud.pcd,39448,19724,47.580923994074766,16.962022818831407,3.828224588731949,0.6435121179877953,0.27603075198234917,0.08045713002985559,0.6435121179877953,6.6730832704152085,14.826947024677427,1842.11818089637,1493.9411183253972,76.0,4737.0
68,dogfooding_results/lidar_degeneracy_tunnel_200/00000068/cloud.pcd,39448,19724,46.431604319176444,16.96261229573253,3.837490157183476,0.634675291873839,0.2826764728680358,0.08264823525812517,0.634675291873839,6.660158126894187,14.794832477526832,1860.3036909349016,1509.0488113517558,75.0,4771.950000000004
69,dogfooding_results/lidar_degeneracy_tunnel_200/00000069/cloud.pcd,39490,19745,46.989993318269896,16.939578183635017,3.8405722559906716,0.6395066909479886,0.2787616043893201,0.08173170466269128,0.6395066909479886,6.659465443932652,14.787430130831604,1828.1225373512282,1491.1318948133314,68.0,4722.0
70,dogfooding_results/lidar_degeneracy_tunnel_200/00000070/cloud.pcd,39422,19711,47.22570933540943,16.955627582457083,3.835137926050764,0.6409661639588354,0.2778251473836241,0.08120868865754041,0.6409661639588354,6.665803506563646,14.773245635999327,1856.3142661458069,1509.118097409978,74.0,4786.949999999997
71,dogfooding_results/lidar_degeneracy_tunnel_200/00000071/cloud.pcd,39448,19724,47.133183069544856,16.952633781200632,3.8301841571716455,0.6403248692924669,0.27841212431307377,0.08126300639445933,0.6403248692924669,6.661536718370423,14.742819233441754,1836.133035895356,1492.3839789159272,71.35000000000014,4723.6500000000015
72,dogfooding_results/lidar_degeneracy_tunnel_200/00000072/cloud.pcd,39533,19767,46.853069848055455,16.932227587391804,3.842252337134342,0.6386100709664696,0.27938351302717757,0.08200641600635283,0.6386100709664696,6.651440907028091,14.780820552079962,1838.5868514911592,1494.915158721258,65.0,4722.0
73,dogfooding_results/lidar_degeneracy_tunnel_200/00000073/cloud.pcd,39505,19753,46.5961760212133,16.93912681306652,3.8334460149211735,0.6364695934414266,0.281260865530658,0.08226954102791535,0.6364695934414266,6.652093476564821,14.78799956647731,1835.3187444627263,1493.592883237381,66.0,4720.0
74,dogfooding_results/lidar_degeneracy_tunnel_200/00000074/cloud.pcd,39461,19731,46.76621739218072,16.948318405823496,3.84138520369454,0.6375948419412419,0.2802649847049727,0.08214017335378544,0.6375948419412419,6.655191082298634,14.764836292289875,1858.3639036010238,1510.1166851223068,71.0,4778.0
75,dogfooding_results/lidar_degeneracy_tunnel_200/00000075/cloud.pcd,39521,19761,47.19032753191803,16.94417286328646,3.8403717730390823,0.6409397063026112,0.27767980803660214,0.08138048566078668,0.6409397063026112,6.660620416815519,14.806532229448566,1855.2312947546873,1509.3247219991156,67.0,4777.0
76,dogfooding_results/lidar_degeneracy_tunnel_200/00000076/cloud.pcd,39473,19737,48.04396149338632,16.966999796437577,3.843230213830676,0.6468442803415944,0.27316168722709316,0.07999403243131253,0.6468442803415944,6.679658280157701,14.81407298582893,1858.2680313125427,1509.4267466640842,71.60000000000014,4777.4000000000015
77,dogfooding_results/lidar_degeneracy_tunnel_200/00000077/cloud.pcd,39446,19723,46.838511010310114,16.962060347131604,3.8400275966628636,0.6378608119417394,0.28015478006079897,0.08198440799746164,0.6378608119417394,6.662804747658182,14.800369711329994,1856.7098818638137,1509.6105380437477,69.0,4772.0
78,dogfooding_results/lidar_degeneracy_tunnel_200/00000078/cloud.pcd,39497,19749,46.59860910416603,16.948722043127905,3.831518186674646,0.6362826623163599,0.2814934631875214,0.08222387449611879,0.6362826623163599,6.656955516208385,14.797806906582393,1825.2301440615743,1488.8119068714975,69.0,4699.199999999997
79,dogfooding_results/lidar_degeneracy_tunnel_200/00000079/cloud.pcd,39508,19754,46.652056211738454,16.928131681871914,3.8326261965376553,0.637140716691229,0.28070585840628404,0.08215342490248696,0.637140716691229,6.651429661345577,14.764095819748919,1852.6084590462692,1507.5317335353182,68.0,4772.0
80,dogfooding_results/lidar_degeneracy_tunnel_200/00000080/cloud.pcd,39448,19724,46.639354506956835,16.9615897307408,3.8400863082114274,0.6363245179945454,0.28133973038953913,0.08233575161591551,0.6363245179945454,6.658593841186102,14.808460103113255,1854.393125126749,1507.8629967303823,69.0,4769.6500000000015
81,dogfooding_results/lidar_degeneracy_tunnel_200/00000081/cloud.pcd,39471,19736,46.046585180985545,16.941134385667194,3.839122756780705,0.6320870631539718,0.2845381818736219,0.0833747549724063,0.6320870631539718,6.644632920943711,14.75987251396549,1856.6575967165768,1509.96430536502,70.0,4777.0
82,dogfooding_results/lidar_degeneracy_tunnel_200/00000082/cloud.pcd,39476,19738,46.37968334625579,16.95752172241861,3.830516951178862,0.6343760780810165,0.283033514335097,0.08259040758388658,0.6343760780810165,6.653466829848278,14.77063732080298,1835.5092967879218,1494.487947234681,70.75,4723.0
83,dogfooding_results/lidar_degeneracy_tunnel_200/00000083/cloud.pcd,39492,19746,46.080441692473826,16.947060053211228,3.8393885757101254,0.632228784474105,0.28445194959235687,0.08331926593353815,0.632228784474105,6.6448395816376555,14.753179288528472,1822.1570697862858,1489.2874416418308,65.0,4702.899999999994
84,dogfooding_results/lidar_degeneracy_tunnel_200/00000084/cloud.pcd,39535,19768,45.81523710621565,16.938247542372597,3.8304452603282946,0.6302922649269751,0.28610137390876883,0.08360636116425614,0.6302922649269751,6.6347157338913245,14.759824509310043,1849.855318072594,1508.3742823156551,64.0,4767.299999999996
85,dogfooding_results/lidar_degeneracy_tunnel_200/00000085/cloud.pcd,39500,19750,47.34468554671592,16.958302384838785,3.835908459681162,0.641811912171099,0.2771671999428426,0.08102088788605843,0.641811912171099,6.667804168932309,14.79498632481278,1839.5606329113923,1495.409291822973,70.0,4730.0
86,dogfooding_results/lidar_degeneracy_tunnel_200/00000086/cloud.pcd,39423,19712,45.95381778603608,16.9732145194866,3.8281349535564657,0.6306462588480685,0.28604978213419535,0.08330395901773617,0.6306462588480685,6.644450946959902,14.758809111118564,1840.5682723283362,1495.300157914953,75.0,4726.0
87,dogfooding_results/lidar_degeneracy_tunnel_200/00000087/cloud.pcd,39524,19762,46.488502093417175,16.948041981386794,3.841598949751251,0.6354358342772534,0.28192870153782457,0.0826354641849221,0.6354358342772534,6.6515104412670905,14.76977481768695,1842.7665469082076,1504.6360622634247,64.0,4755.8499999999985
88,dogfooding_results/lidar_degeneracy_tunnel_200/00000088/cloud.pcd,39575,19788,46.31237300143948,16.912573142580243,3.8379266328085953,0.6348152330252098,0.2823143290317959,0.0828704379429943,0.6348152330252098,6.6386774563526965,14.748169373468992,1849.1071636133922,1508.2642035322697,66.0,4766.299999999996
89,dogfooding_results/lidar_degeneracy_tunnel_200/00000089/cloud.pcd,39475,19738,46.87069814421519,16.961318249012265,3.834117364149495,0.6381253337250399,0.28007265529674935,0.08180201097821078,0.6381253337250399,6.66776860396485,14.839517187326802,1843.8665991133628,1504.2442670436803,67.0,4753.599999999991
90,dogfooding_results/lidar_degeneracy_tunnel_200/00000090/cloud.pcd,39546,19773,46.675967319791056,16.933568040277493,3.8394944117508105,0.6372101316238282,0.2805313822167895,0.08225848615938225,0.6372101316238282,6.648541727504019,14.77213131236688,1818.864385778587,1487.700976476937,64.0,4695.75
91,dogfooding_results/lidar_degeneracy_tunnel_200/00000091/cloud.pcd,39527,19764,46.334112818428196,16.92030412901474,3.8406283839676156,0.6348197235302383,0.28229041087509543,0.08288986559466625,0.6348197235302383,6.6464595690971775,14.784521041805114,1846.8951349710323,1506.6285267457367,64.30000000000018,4759.699999999997
92,dogfooding_results/lidar_degeneracy_tunnel_200/00000092/cloud.pcd,39530,19765,46.78970216172231,16.943614824958303,3.8428016400265688,0.6378772669594054,0.27999351523227345,0.08212921780832119,0.6378772669594054,6.657780159775686,14.789091214471972,1840.6672906653175,1502.8286538284035,67.0,4746.0
93,dogfooding_results/lidar_degeneracy_tunnel_200/00000093/cloud.pcd,39490,19745,47.01725532153587,16.949236016850527,3.8391280697183814,0.6395103052923834,0.27883609660913505,0.08165359809848152,0.6395103052923834,6.659590479115322,14.772101775115612,1837.552544948088,1500.9939458612112,66.0,4734.549999999996
94,dogfooding_results/lidar_degeneracy_tunnel_200/00000094/cloud.pcd,39393,19697,46.058024415222505,16.99590031210453,3.8317014850059414,0.6309893763813442,0.2858177048242592,0.0831929187943966,0.6309893763813442,6.656635963447002,14.792379699870162,1852.6462315639835,1506.4723982831883,78.0,4771.0
95,dogfooding_results/lidar_degeneracy_tunnel_200/00000095/cloud.pcd,39491,19746,46.45283382609548,16.95147501777425,3.8351806537625768,0.6350820042274463,0.28235724892726405,0.08256074684528965,0.6350820042274463,6.651584226565556,14.777069018584708,1827.4564837557925,1490.6882532862676,69.0,4716.0
96,dogfooding_results/lidar_degeneracy_tunnel_200/00000096/cloud.pcd,39506,19753,46.529552453937114,16.938813840647423,3.833385565880479,0.6359557969654587,0.2816581631156012,0.08238603991894007,0.6359557969654587,6.647403863935186,14.717637992102462,1848.8560218700957,1505.7350785721962,68.0,4759.0
97,dogfooding_results/lidar_degeneracy_tunnel_200/00000097/cloud.pcd,39469,19735,46.312722093556346,16.958128457215384,3.838925099932021,0.633834339882716,0.2832742875873557,0.08289137252992833,0.633834339882716,6.653431610938079,14.738562497213291,1855.9230535356862,1508.062352764979,72.0,4762.5999999999985
98,dogfooding_results/lidar_degeneracy_tunnel_200/00000098/cloud.pcd,39511,19756,46.590165067892826,16.93858420022174,3.8392272857044327,0.636434338115389,0.28116141884083184,0.08240424304377922,0.636434338115389,6.652977343945382,14.771295126594842,1841.0824327402495,1502.245143130571,66.0,4747.0
99,dogfooding_results/lidar_degeneracy_tunnel_200/00000099/cloud.pcd,39545,19773,46.37925890886718,16.930443466762256,3.8409113657466745,0.6349565761706177,0.28222814268627766,0.0828152811431046,0.6349565761706177,6.6455182944095625,14.758066469739896,1834.2549247692502,1500.605787220906,63.0,4741.0
100,dogfooding_results/lidar_degeneracy_tunnel_200/00000100/cloud.pcd,39444,19722,46.94957249273716,16.963425813196952,3.834511033481731,0.638688386016271,0.27963864381824116,0.08167297016548784,0.638688386016271,6.66489105683223,14.785865111632441,1848.389666362438,1504.686775456186,72.15000000000009,4762.699999999997
101,dogfooding_results/lidar_degeneracy_tunnel_200/00000101/cloud.pcd,39451,19726,46.68385775849913,16.935411800256247,3.835478111792639,0.63723195525389,0.2806094936761877,0.0821585510699223,0.63723195525389,6.65374753296668,14.755095993037536,1843.5383386986389,1501.2062061982836,70.0,4744.0
102,dogfooding_results/lidar_degeneracy_tunnel_200/00000102/cloud.pcd,39500,19750,45.86597005312584,16.943071970386526,3.832289430526007,0.6305960181205885,0.28584989099052094,0.08355409088889051,0.6305960181205885,6.6345197871209995,14.706231935402698,1843.9608860759495,1502.4835818860681,68.0,4748.0
103,dogfooding_results/lidar_degeneracy_tunnel_200/00000103/cloud.pcd,39501,19751,46.30980563188447,16.938180790524402,3.8300704452104446,0.6342420237051826,0.2830525882468609,0.08270538804795645,0.6342420237051826,6.6451987945765,14.755157549010757,1850.2434368750157,1504.922064046164,68.0,4763.0
104,dogfooding_results/lidar_degeneracy_tunnel_200/00000104/cloud.pcd,39494,19747,46.03334385410817,16.950054225163214,3.838534985080821,0.6317874652147275,0.2848265657527783,0.0833859690324942,0.6317874652147275,6.6405451500394665,14.739567238105352,1830.9594621967894,1491.8194385390927,66.0,4718.0
105,dogfooding_results/lidar_degeneracy_tunnel_200/00000105/cloud.pcd,39450,19725,46.358495518577605,16.966378760090834,3.8362300999858046,0.6340179168823163,0.2832306897199302,0.08275139339775342,0.6340179168823163,6.6509765900542055,14.721226450032058,1841.3693789607098,1499.1255494670509,73.0,4744.0
106,dogfooding_results/lidar_degeneracy_tunnel_200/00000106/cloud.pcd,39416,19708,46.887185307695674,16.977357024490928,3.8342389305355673,0.6379105098103552,0.28031365089851445,0.0817758392911303,0.6379105098103552,6.663267219317141,14.750968272126372,1838.0346306068602,1495.178941760598,75.0,4737.0
107,dogfooding_results/lidar_degeneracy_tunnel_200/00000107/cloud.pcd,39503,19752,46.21231182768811,16.967703074000823,3.8358330207287343,0.6328315463362163,0.2841638847724586,0.08300456889132507,0.6328315463362163,6.642859562553756,14.733465169293586,1829.8978052299826,1493.9544927944632,67.0,4712.0
108,dogfooding_results/lidar_degeneracy_tunnel_200/00000108/cloud.pcd,39431,19716,45.81908511724134,16.994011871853996,3.82799447046619,0.6291062593596115,0.28734788937183603,0.08354585126855243,0.6291062593596115,6.649599935179722,14.715911375327345,1834.326418300322,1492.4539214012686,78.0,4718.0
109,dogfooding_results/lidar_degeneracy_tunnel_200/00000109/cloud.pcd,39441,19721,45.99221678469728,16.975812963753548,3.8316606364787598,0.630898135586241,0.2857907977953384,0.08331106661842066,0.630898135586241,6.646812940717381,14.704470914185395,1841.0778631373444,1496.9830282974253,76.0,4734.0
110,dogfooding_results/lidar_degeneracy_tunnel_200/00000110/cloud.pcd,39396,19698,46.62444794187971,16.978824820640547,3.8249428240664036,0.6358385874765592,0.28212413395159724,0.08203727857184355,0.6358385874765592,6.654494756902866,14.718962199512237,1836.687988628287,1491.1619951961143,75.0,4721.25
111,dogfooding_results/lidar_degeneracy_tunnel_200/00000111/cloud.pcd,39392,19696,47.34292018670851,17.01010292033693,3.830954670200193,0.6407043998711236,0.27837632740358026,0.08091927272529612,0.6407043998711236,6.673111144042521,14.756458666512327,1850.7845501624695,1500.915030617916,79.0,4749.0
112,dogfooding_results/lidar_degeneracy_tunnel_200/00000112/cloud.pcd,39521,19761,46.59630886862455,16.97591981730459,3.837310485211285,0.6356810178856193,0.2819667405230919,0.08235224159128887,0.6356810178856193,6.649056002875577,14.748347065786119,1828.6043622377977,1491.0713516493158,65.0,4716.0
113,dogfooding_results/lidar_degeneracy_tunnel_200/00000113/cloud.pcd,39430,19715,46.372732735077264,16.996317177391767,3.840943247143726,0.633484675693149,0.283687700817706,0.08282762348914494,0.633484675693149,6.661628510172968,14.755523157344609,1847.3792797362414,1499.571882458015,76.0,4746.0
114,dogfooding_results/lidar_degeneracy_tunnel_200/00000114/cloud.pcd,39439,19720,45.46583700933044,16.99353053812536,3.8299030924874176,0.6262351766527917,0.28952788096558124,0.0842369423816271,0.6262351766527917,6.639230590297186,14.744124048233767,1829.940160754583,1487.32304740035,75.0,4717.0
115,dogfooding_results/lidar_degeneracy_tunnel_200/00000115/cloud.pcd,39354,19677,44.40639291888455,17.00779282067589,3.830135776775473,0.6169967497305316,0.29675134992323143,0.08625190034623696,0.6169967497305316,6.623980653962381,14.687384291832593,1828.8695685317884,1478.604019732519,79.0,4708.0
116,dogfooding_results/lidar_degeneracy_tunnel_200/00000116/cloud.pcd,39388,19694,44.71446653880598,17.02789494002405,3.833290189467578,0.6191859982217122,0.29508581387424987,0.08572818790403798,0.6191859982217122,6.635769807365046,14.780756989785345,1847.1265613892556,1491.790507256518,79.35000000000014,4723.0
117,dogfooding_results/lidar_degeneracy_tunnel_200/00000117/cloud.pcd,39297,19649,44.39810841387301,17.0712249062508,3.838863612388113,0.6154965714504048,0.2980388527031929,0.08646457584640226,0.6154965714504048,6.640480172391695,14.661117201977492,1823.2063516298954,1472.9429836033705,82.0,4671.199999999997
118,dogfooding_results/lidar_degeneracy_tunnel_200/00000118/cloud.pcd,39326,19663,43.923789336199505,17.083973827184977,3.837713938549291,0.6110541898737017,0.3015737050200008,0.08737210510629748,0.6110541898737017,6.63134580520775,14.633840693326535,1819.9545084676804,1467.8758639063715,87.0,4637.75
119,dogfooding_results/lidar_degeneracy_tunnel_200/00000119/cloud.pcd,39344,19672,43.56077921121518,17.055065307968494,3.8344998284389167,0.6084765787757651,0.3034969924533812,0.08802642877085369,0.6084765787757651,6.62315330648234,14.645974088906675,1828.0829859699065,1467.544735842535,89.0,4630.8499999999985
120,dogfooding_results/lidar_degeneracy_tunnel_200/00000120/cloud.pcd,39464,19732,43.33047722222178,17.015648930543247,3.835608636973321,0.607305295917284,0.3041748242461225,0.08851987983659343,0.607305295917284,6.607585534544081,14.580780683050707,1826.0486265963916,1461.7827401970333,93.0,4616.8499999999985
121,dogfooding_results/lidar_degeneracy_tunnel_200/00000121/cloud.pcd,40082,13361,43.212090736956576,16.861941485814018,3.8352449266811495,0.609786492663428,0.3014595298901369,0.08875397744643507,0.609786492663428,6.559759850510955,14.61424293875622,1839.3879796417345,1465.9262937119631,101.0,4661.949999999997
122,dogfooding_results/lidar_degeneracy_tunnel_200/00000122/cloud.pcd,41368,13790,41.4844983021795,16.465889271801668,3.8487543420951527,0.6030833215852923,0.30414095496108823,0.09277572345361948,0.6030833215852923,6.396134591776912,14.351652513445798,1873.1577306130341,1478.3024724832405,117.0,4711.0
123,dogfooding_results/lidar_degeneracy_tunnel_200/00000123/cloud.pcd,43275,14425,40.36169720578746,15.909035565123029,3.79569677191698,0.6058382905949299,0.30011965878058067,0.09404205062448949,0.6058382905949299,6.185815199436515,14.189194002633684,1954.8258116695552,1519.6607003022662,126.0,4912.299999999996
124,dogfooding_results/lidar_degeneracy_tunnel_200/00000124/cloud.pcd,45329,15110,38.53868125721042,15.404820091067041,3.7577552659688194,0.6002764083115878,0.30221752393043044,0.09750606775798172,0.6002764083115878,5.963947113893082,13.924923576290324,2056.5456550993845,1584.753900010297,143.0,5124.5999999999985
125,dogfooding_results/lidar_degeneracy_tunnel_200/00000125/cloud.pcd,47377,15793,36.93181096207191,14.921603526178277,3.7181085186200007,0.5959688101538695,0.3033562318150063,0.10067495803112417,0.5959688101538695,5.773992331606136,13.782578181451932,2153.629208265614,1637.2925129285675,162.0,5258.0
126,dogfooding_results/lidar_degeneracy_tunnel_200/00000126/cloud.pcd,49581,16527,35.631262523587694,14.4562218243656,3.683181009655224,0.5942826383208941,0.30234799588082756,0.10336936579827838,0.5942826383208941,5.590700869996972,13.57573487573388,2247.377442972106,1669.0247419280133,171.0,5329.0
127,dogfooding_results/lidar_degeneracy_tunnel_200/00000127/cloud.pcd,50550,16850,35.046233833078226,14.262211135236909,3.658742737853293,0.5930458261744637,0.3025565727800281,0.10439760104550821,0.5930458261744637,5.529580091433858,13.44765941489988,2264.008921859545,1659.8070994242773,174.45000000000027,5296.549999999996
128,dogfooding_results/lidar_degeneracy_tunnel_200/00000128/cloud.pcd,50691,16897,35.36182882141417,14.236293845892588,3.690657637505369,0.5974107018675608,0.29822089410718106,0.10436840402525804,0.5974107018675608,5.55774292568353,13.461162897860254,2238.0322937010515,1610.1098188549315,174.0,5084.0
129,dogfooding_results/lidar_degeneracy_tunnel_200/00000129/cloud.pcd,50788,16930,35.12983070474735,14.252690491099104,3.7148997648514164,0.5942852497386777,0.29996702275094195,0.10574772751038038,0.5942852497386777,5.580831531821115,13.422796772797595,2156.86325509963,1536.468796875833,165.0,4862.0
130,dogfooding_results/lidar_degeneracy_tunnel_200/00000130/cloud.pcd,50859,16953,35.68298405609477,14.296021327512056,3.7287582946939937,0.599360263563208,0.29614291832224554,0.10449681811454639,0.599360263563208,5.621640822375724,13.462132858723459,2123.954187066203,1496.364266807737,160.0,4764.199999999997
131,dogfooding_results/lidar_degeneracy_tunnel_200/00000131/cloud.pcd,50996,16999,34.56459193555184,14.308210363432941,3.756610023249637,0.5860442851426794,0.3052719488156412,0.10868376604167947,0.5860442851426794,5.622149060881913,13.378314890407863,2054.9859596831125,1453.6149863935354,149.0,4658.0
132,dogfooding_results/lidar_degeneracy_tunnel_200/00000132/cloud.pcd,51085,17029,35.44960259022573,14.34320026479428,3.7838452362831068,0.5953917895613016,0.29786948955593173,0.10673872088276667,0.5953917895613016,5.657440939521489,13.384980976433571,2005.0097484584517,1421.6438611097274,141.0,4656.0
133,dogfooding_results/lidar_degeneracy_tunnel_200/00000133/cloud.pcd,51267,17089,35.02042492533756,14.401028227374525,3.8105732489546056,0.5887820248304507,0.30240795195941894,0.10881002321013031,0.5887820248304507,5.682765792941135,13.440493133349358,2009.0608188503327,1427.5828658643159,136.0,4711.0
134,dogfooding_results/lidar_degeneracy_tunnel_200/00000134/cloud.pcd,51339,17113,34.91970364655549,14.417137789709132,3.8258450731536557,0.5871345892383812,0.30330419821876725,0.10956121254285159,0.5871345892383812,5.698021340353482,13.422898899790919,1976.2231052416291,1409.2339147307405,127.0,4697.0
135,dogfooding_results/lidar_degeneracy_tunnel_200/00000135/cloud.pcd,51498,17166,34.747813818788885,14.407881536645737,3.8377791901022738,0.5853586181915396,0.30419474450009815,0.11044663730836225,0.5853586181915396,5.7083286502532555,13.41417157654246,1943.694609499398,1392.268943468364,116.0,4681.149999999994
136,dogfooding_results/lidar_degeneracy_tunnel_200/00000136/cloud.pcd,51564,17188,34.772437581480254,14.43733050304173,3.8622601826619665,0.5848053370083256,0.30412220298332004,0.11107246000835444,0.5848053370083256,5.730174829105841,13.404573842352152,1939.896187262431,1395.2256765586822,115.0,4724.0
137,dogfooding_results/lidar_degeneracy_tunnel_200/00000137/cloud.pcd,51652,17218,35.38850700159464,14.488494766717261,3.893939544072302,0.5905875665773526,0.29937841746665267,0.11003401595599491,0.5905875665773526,5.77333616425674,13.431515092265832,1916.7011345156045,1390.2252336687704,108.55000000000018,4753.449999999997
138,dogfooding_results/lidar_degeneracy_tunnel_200/00000138/cloud.pcd,51750,17250,34.542291824120994,14.499544915952843,3.909290402450938,0.5802379011276906,0.30658806796677845,0.11317403090553094,0.5802379011276906,5.770376582799923,13.43811734770051,1893.0778743961353,1385.3027133227752,103.0,4740.0
139,dogfooding_results/lidar_degeneracy_tunnel_200/00000139/cloud.pcd,51854,17285,34.81430664451587,14.510811273908747,3.9241243041604084,0.5831940178479882,0.30409012817194825,0.1127158539800636,0.5831940178479882,5.796389220949912,13.509477345072645,1874.72910479423,1383.5075501612994,99.0,4803.0
140,dogfooding_results/lidar_degeneracy_tunnel_200/00000140/cloud.pcd,51834,17278,34.207018148609535,14.509104224243195,3.9273825832613367,0.5758442270176956,0.30934358543064033,0.11481218755166413,0.5758442270176956,5.798271110729517,13.420219364602964,1864.6376123779758,1389.8245610261704,94.0,4871.699999999997
141,dogfooding_results/lidar_degeneracy_tunnel_200/00000141/cloud.pcd,51802,17268,34.368198157012415,14.558175576676085,3.9366446183408015,0.5764056203887528,0.3090511440201321,0.11454323559111512,0.5764056203887528,5.826364410050846,13.413365719757907,1882.8785568124783,1401.5997025155486,105.05000000000018,4915.949999999997
142,dogfooding_results/lidar_degeneracy_tunnel_200/00000142/cloud.pcd,51894,17298,34.25061491983815,14.579140757880303,3.956366493859898,0.5743392989585135,0.31014842474748194,0.11551227629400453,0.5743392989585135,5.839399154432087,13.408700659506023,1876.1506917948125,1407.2144640528813,100.0,4940.3499999999985
143,dogfooding_results/lidar_degeneracy_tunnel_200/00000143/cloud.pcd,51793,17265,34.07693234996866,14.604978475694324,3.9660833889503255,0.5714115834811123,0.3122022539318679,0.11638616258701975,0.5714115834811123,5.851837436973384,13.42484863281282,1864.6001197072962,1416.5468055308154,106.60000000000036,5016.0
144,dogfooding_results/lidar_degeneracy_tunnel_200/00000144/cloud.pcd,51789,17263,34.4251057805713,14.655709810926131,3.979029376869649,0.5742726281120838,0.31014226948525875,0.11558510240265746,0.5742726281120838,5.875804838626868,13.445321818625967,1874.707524763946,1426.0506051963675,105.0,5068.5999999999985
145,dogfooding_results/lidar_degeneracy_tunnel_200/00000145/cloud.pcd,51806,17269,33.97603684237899,14.68571207494681,3.9841369402701803,0.5677626515689131,0.3149742032692978,0.11726314516178905,0.5677626515689131,5.872403738820318,13.347234362077067,1852.6255453036329,1423.3076194839223,108.0,5078.0
146,dogfooding_results/lidar_degeneracy_tunnel_200/00000146/cloud.pcd,51705,17235,34.28353483727305,14.737719167361574,3.9943049411593177,0.5701225314917431,0.3133695016338286,0.11650796687442831,0.5701225314917431,5.885953026145155,13.26162716404253,1879.182535538149,1448.207007104491,113.0,5192.0
147,dogfooding_results/lidar_degeneracy_tunnel_200/00000147/cloud.pcd,51717,17239,33.61392619671383,14.72775327539578,3.9983511599115578,0.5618556074286972,0.31919514705584,0.11894924551546274,0.5618556074286972,5.872676279745359,13.215696592767415,1908.6572306978362,1466.593143298863,119.0,5279.0
148,dogfooding_results/lidar_degeneracy_tunnel_200/00000148/cloud.pcd,51749,17250,33.18878796497165,14.752746900316142,3.994658649741787,0.5554900373015553,0.3241482714562741,0.12036169124217064,0.5554900373015553,5.871603009318442,13.193397362652412,1895.8484994879127,1468.347662823661,120.0,5294.5999999999985
149,dogfooding_results/lidar_degeneracy_tunnel_200/00000149/cloud.pcd,51745,17249,33.95135515676364,14.794202183600358,3.996008476793254,0.5642529697182611,0.31804897498048573,0.11769805530125317,0.5642529697182611,5.896540644394308,13.207349830337938,1902.654575321287,1475.0020402964597,117.0,5337.799999999996
150,dogfooding_results/lidar_degeneracy_tunnel_200/00000150/cloud.pcd,51719,17240,33.024165337091254,14.769303239520106,3.9860088584793014,0.5527728531890588,0.3265273859602893,0.12069976085065187,0.5527728531890588,5.872314837192668,13.095165630979901,1907.6462228581372,1484.4387224447346,120.0,5409.0
151,dogfooding_results/lidar_degeneracy_tunnel_200/00000151/cloud.pcd,51701,17234,33.57919279381966,14.804547204867244,3.9892815200388307,0.559115452960142,0.3220823606819695,0.11880218635788853,0.559115452960142,5.889184955142259,13.147273950807481,1930.8520724937623,1501.1749270602052,121.0,5485.0
152,dogfooding_results/lidar_degeneracy_tunnel_200/00000152/cloud.pcd,51705,17235,32.53587586824516,14.78633818392142,3.9783396640505773,0.5455374171023069,0.33218710827512693,0.12227547462256629,0.5455374171023069,5.858993179187437,13.018584934389882,1931.723160235954,1505.8143669886178,123.0,5514.799999999996
153,dogfooding_results/lidar_degeneracy_tunnel_200/00000153/cloud.pcd,51696,17232,32.3712177886694,14.76295582457032,3.9803638114026776,0.5439480861996591,0.3330919486427778,0.12295996515756315,0.5439480861996591,5.843687654225693,12.990554171348515,1957.3304897864439,1529.529735363858,123.0,5620.25
154,dogfooding_results/lidar_degeneracy_tunnel_200/00000154/cloud.pcd,51795,17265,32.16466288744294,14.734184893343528,3.970328206762052,0.5419139026917722,0.33464851549194,0.12343758181628775,0.5419139026917722,5.831425849910521,12.958304688188012,1926.9316343276378,1519.6747402419048,116.0,5590.0
155,dogfooding_results/lidar_degeneracy_tunnel_200/00000155/cloud.pcd,51829,17277,32.54568983860154,14.673841849763214,3.9722947156570343,0.549131024030132,0.32881611012630535,0.12205286584356266,0.549131024030132,5.833316697991367,12.975794315176977,1950.667020393988,1531.5065683359005,116.0,5647.0
156,dogfooding_results/lidar_degeneracy_tunnel_200/00000156/cloud.pcd,51863,17288,32.34084919472207,14.631137588692358,3.9551172186423376,0.5475957511010529,0.3301094632911592,0.12229478560778798,0.5475957511010529,5.8115959862939395,12.909700672224488,1942.2426778242677,1527.6494531212693,110.0,5642.0
157,dogfooding_results/lidar_degeneracy_tunnel_200/00000157/cloud.pcd,51923,17308,31.912107986712588,14.571468659389982,3.9359483777544555,0.5433874607889525,0.3332753914615698,0.12333714774947763,0.5433874607889525,5.779197779281311,12.811517063359412,1968.1078712709204,1555.2382289371085,109.0,5763.0
158,dogfooding_results/lidar_degeneracy_tunnel_200/00000158/cloud.pcd,51931,17311,31.472254803694177,14.551611146460724,3.918492021859415,0.5376368411724771,0.3378569216258762,0.12450623720164679,0.5376368411724771,5.75807808445024,12.879700708329377,1973.609481812405,1559.0747331468208,106.0,5793.5
159,dogfooding_results/lidar_degeneracy_tunnel_200/00000159/cloud.pcd,51981,17327,31.316492984573266,14.518933156275075,3.9053508213531245,0.5363806169666825,0.3389135028673319,0.12470588016598566,0.5363806169666825,5.739503815361629,12.88997895003889,2002.3661530174486,1576.0920647024736,104.0,5841.0
160,dogfooding_results/lidar_degeneracy_tunnel_200/00000160/cloud.pcd,52054,17352,31.00594237865333,14.417473769858727,3.907516025176322,0.5350093348627026,0.33896591873686116,0.12602474640043615,0.5350093348627026,5.701479735708634,12.807582667868784,1999.6821954124564,1584.3410189588137,98.0,5852.0
161,dogfooding_results/lidar_degeneracy_tunnel_200/00000161/cloud.pcd,52049,17350,30.698008669216257,14.37397704491464,3.9131097409415987,0.5317619067803326,0.34076696689655717,0.12747112632311022,0.5317619067803326,5.682320431042297,12.845800473896182,2022.4976848738688,1587.2681059461609,96.0,5824.0
162,dogfooding_results/lidar_degeneracy_tunnel_200/00000162/cloud.pcd,52077,17359,30.346225625198674,14.335123364081,3.894744855649907,0.5276142891332916,0.34404207750177956,0.12834363336492885,0.5276142891332916,5.6573928769061155,12.812573177977457,2014.2648770090443,1585.3612116624868,97.0,5824.199999999997
163,dogfooding_results/lidar_degeneracy_tunnel_200/00000163/cloud.pcd,52090,17364,30.76170972907757,14.335828041815663,3.8559447692621576,0.5339716755644212,0.34067947993954883,0.12534884449603,0.5339716755644212,5.670579889749876,12.910016904576901,2013.5736993664812,1573.3658171628101,98.0,5758.549999999996
164,dogfooding_results/lidar_degeneracy_tunnel_200/00000164/cloud.pcd,52115,17372,31.08522838747628,14.30512208970363,3.847720448871684,0.5398096513433717,0.33641064207348914,0.12377970658313922,0.5398096513433717,5.676890187123963,12.901824558441227,2023.3836323515302,1585.5497724747377,93.0,5834.0
165,dogfooding_results/lidar_degeneracy_tunnel_200/00000165/cloud.pcd,52161,17387,30.360513000130197,14.306308689283252,3.8331620262034862,0.5287856733770637,0.3449594762458347,0.1262548503771016,0.5287856733770637,5.654151809610039,12.850355138779044,1996.6256398458618,1558.3641977815907,93.0,5690.0
166,dogfooding_results/lidar_degeneracy_tunnel_200/00000166/cloud.pcd,52178,17393,30.98978346398838,14.30158006307848,3.8120228309486435,0.5385066152624911,0.3384843667694292,0.12300901796807961,0.5385066152624911,5.670549263047292,12.926093065951271,1994.100003833033,1554.4604123746117,89.0,5671.0
167,dogfooding_results/lidar_degeneracy_tunnel_200/00000167/cloud.pcd,52154,17385,31.27177671668947,14.28020168212025,3.826823670315319,0.5433517637487149,0.334275155086601,0.1223730811646841,0.5433517637487149,5.6783807574248,13.061593535082041,1996.630536488093,1555.4768677023517,89.0,5597.0
168,dogfooding_results/lidar_degeneracy_tunnel_200/00000168/cloud.pcd,52282,17428,31.63524740904367,14.24111278044897,3.8372254428154107,0.5498340001482708,0.3288701113385118,0.12129588851321739,0.5498340001482708,5.680908665673277,13.072654294230762,1972.5277150835852,1530.4658586421458,84.0,5506.0
169,dogfooding_results/lidar_degeneracy_tunnel_200/00000169/cloud.pcd,52289,17430,31.578393497457633,14.22426668013743,3.8489418574756593,0.5495569880309896,0.3285577153726039,0.12188529659640654,0.5495569880309896,5.679813642805135,13.108467782543292,1980.8058482663657,1541.2100597322626,81.0,5547.0
170,dogfooding_results/lidar_degeneracy_tunnel_200/00000170/cloud.pcd,52385,17462,30.95461093098354,14.20226637865131,3.8505976724502946,0.541190602901884,0.3344144343885024,0.12439496270961359,0.541190602901884,5.661433487016634,13.008726038520367,1963.489796697528,1528.3036163220947,75.0,5510.0
171,dogfooding_results/lidar_degeneracy_tunnel_200/00000171/cloud.pcd,52374,17458,31.013610975854924,14.167197800320398,3.854106751182151,0.543194186212305,0.3325343526481748,0.12427146113952016,0.543194186212305,5.665152050344405,12.994117844378923,1976.7592698667277,1540.6823913601922,75.0,5552.0
172,dogfooding_results/lidar_degeneracy_tunnel_200/00000172/cloud.pcd,52432,17478,31.193585410962083,14.147308546441625,3.853463136152958,0.5464673791083354,0.3299987890033056,0.12353383188835901,0.5464673791083354,5.6727666164657045,12.991202247573,1961.473718339945,1544.6741267953562,71.0,5588.0
173,dogfooding_results/lidar_degeneracy_tunnel_200/00000173/cloud.pcd,52340,17447,31.656365968182783,14.180004272369533,3.8716548924637504,0.5520646846633758,0.32563274604123893,0.12230256929538526,0.5520646846633758,5.700955348013067,13.02570817138006,1950.8897210546427,1518.198985118733,75.0,5460.0
174,dogfooding_results/lidar_degeneracy_tunnel_200/00000174/cloud.pcd,52255,17419,31.700133501363382,14.236664507031675,3.879609264558746,0.5508957554888727,0.32671960962017665,0.1223846348909505,0.5508957554888727,5.731619023934851,13.045689655528506,1947.3371734762225,1506.6162832840853,82.0,5465.299999999996
175,dogfooding_results/lidar_degeneracy_tunnel_200/00000175/cloud.pcd,52147,17383,31.90673112125706,14.239524480865192,3.8876750193310547,0.553714091652013,0.32444092822274345,0.1218449801252435,0.553714091652013,5.7528262877782925,13.089495737267296,1957.4548871459529,1513.405253671662,94.0,5529.699999999997
176,dogfooding_results/lidar_degeneracy_tunnel_200/00000176/cloud.pcd,52035,17345,31.629567407737508,14.285324216872803,3.908398758015018,0.5483553716457658,0.3280767430388343,0.12356788531539988,0.5483553716457658,5.77861957823979,13.107126594423478,1935.617911021428,1504.9422020029222,100.0,5517.299999999996
177,dogfooding_results/lidar_degeneracy_tunnel_200/00000177/cloud.pcd,51947,17316,32.10670465783619,14.292163295997685,3.942601513926116,0.5548542446722436,0.32234892656744774,0.12279682876030869,0.5548542446722436,5.808909228736346,13.130882408076111,1943.686064642809,1484.429531316497,113.0,5478.0
178,dogfooding_results/lidar_degeneracy_tunnel_200/00000178/cloud.pcd,51909,17303,32.37018467358332,14.321474349192094,3.9500153945170715,0.5575720529985245,0.3204015997826225,0.122026347218853,0.5575720529985245,5.846578772266457,13.154001685165744,1891.96526613882,1440.905173311582,114.0,5294.5999999999985
179,dogfooding_results/lidar_degeneracy_tunnel_200/00000179/cloud.pcd,51831,17277,33.8575833074682,14.393825512362891,3.954676287217807,0.57487144366893,0.3083252909797153,0.11680326535135475,0.57487144366893,5.915103709472851,13.309745086086961,1916.2118809206845,1439.2462511710032,121.0,5280.5
180,dogfooding_results/lidar_degeneracy_tunnel_200/00000180/cloud.pcd,51718,17240,34.09150852826995,14.40878614020322,3.973514703131739,0.5773497048904446,0.3060959132511888,0.11655438185836665,0.5773497048904446,5.951624922005636,13.402457221999997,1888.679473297498,1404.2626494522588,127.0,5104.299999999988
181,dogfooding_results/lidar_degeneracy_tunnel_200/00000181/cloud.pcd,51670,17224,34.73963593267894,14.419925755620836,3.9920403524254415,0.584914309880367,0.30017255861297254,0.11491313150666045,0.584914309880367,5.990149115055714,13.49407976018665,1882.183820398684,1399.1068648525763,129.0,4941.549999999996
182,dogfooding_results/lidar_degeneracy_tunnel_200/00000182/cloud.pcd,51645,17215,35.21317055892372,14.440759367591733,3.9997241107079353,0.5899045971044447,0.29650937678026923,0.11358602611528615,0.5899045971044447,6.019645226899177,13.604349071440222,1870.9121502565592,1357.745117927369,131.0,4657.0
183,dogfooding_results/lidar_degeneracy_tunnel_200/00000183/cloud.pcd,51529,17177,36.25707718256261,14.449100508487874,3.994293837295752,0.6014819276321317,0.2883521641457693,0.110165908222099,0.6014819276321317,6.071573118198609,13.716372933745841,1880.201634031322,1354.2378644474252,132.0,4594.5999999999985
184,dogfooding_results/lidar_degeneracy_tunnel_200/00000184/cloud.pcd,51480,17160,37.384002881173195,14.444393072989579,4.01610608829181,0.6136210154139524,0.2789505184301576,0.10742846615589004,0.6136210154139524,6.121634269771578,13.908508890316252,1849.4479603729603,1311.3824419236894,133.0,4312.049999999996
185,dogfooding_results/lidar_degeneracy_tunnel_200/00000185/cloud.pcd,51515,17172,38.36805451345686,14.389256307555598,4.052602497420875,0.6249677892187929,0.26940781702938155,0.10562439375182556,0.6249677892187929,6.164508472988179,14.061776173391745,1834.6433271862563,1297.194494067887,131.0,4158.0
186,dogfooding_results/lidar_degeneracy_tunnel_200/00000186/cloud.pcd,51466,17156,38.43603003278111,14.345159434908359,4.057396596885174,0.6267783269324709,0.2676593505949759,0.10556232247255307,0.6267783269324709,6.181254343790855,14.154977966737114,1815.5546768740528,1242.4758112818427,130.0,3993.0
187,dogfooding_results/lidar_degeneracy_tunnel_200/00000187/cloud.pcd,51380,17127,38.62918927653462,14.30969200171622,4.0629010974678215,0.6295627148869863,0.2652603147038562,0.1051769704091574,0.6295627148869863,6.2033649547753384,14.270368740664827,1821.583962631374,1230.324882809149,134.0,3987.0
188,dogfooding_results/lidar_degeneracy_tunnel_200/00000188/cloud.pcd,51393,17131,38.93969347870106,14.278541768457904,4.071635446095997,0.6333165340331229,0.26212086974810944,0.10456259621876761,0.6333165340331229,6.223594549319527,14.314298970185698,1793.8199365672367,1208.4752521073758,128.0,3938.399999999994
189,dogfooding_results/lidar_degeneracy_tunnel_200/00000189/cloud.pcd,51458,17153,39.2396846994281,14.221445648110729,4.0985754662253635,0.6375749255620803,0.2579753191042562,0.10444975533366348,0.6375749255620803,6.248239577019316,14.416712075149414,1789.9205177037584,1203.0178044838062,122.0,3938.149999999994
190,dogfooding_results/lidar_degeneracy_tunnel_200/00000190/cloud.pcd,51466,17156,39.8020251201154,14.13793816411928,4.110149318276324,0.6447934967767719,0.25194167421333163,0.10326482900989654,0.6447934967767719,6.263995631899899,14.576714424376906,1787.674173240586,1193.5904825469415,124.0,3947.5
191,dogfooding_results/lidar_degeneracy_tunnel_200/00000191/cloud.pcd,51484,17162,39.96399277395352,14.090074479270829,4.116585339623496,0.6474307620119976,0.24956187926616635,0.1030073587218361,0.6474307620119976,6.271211856775088,14.60943506037999,1804.7300714785176,1190.763656586854,125.0,3959.0
192,dogfooding_results/lidar_degeneracy_tunnel_200/00000192/cloud.pcd,51488,17163,40.20946986295597,13.996674382276769,4.115834641628994,0.6519060203981557,0.2457341460686792,0.10235983353316515,0.6519060203981557,6.2728443098685815,14.653514770108991,1788.3282900870106,1166.2076820672735,126.0,3920.0
193,dogfooding_results/lidar_degeneracy_tunnel_200/00000193/cloud.pcd,51471,17157,39.83270687788881,13.905657877084671,4.1164771449546,0.6508984960596861,0.2457573561882147,0.10334414775209921,0.6508984960596861,6.2638856618214795,14.660729034791116,1815.142488002953,1186.3115067892186,127.0,4020.0
194,dogfooding_results/lidar_degeneracy_tunnel_200/00000194/cloud.pcd,51458,17153,40.30741306694884,13.841680152183159,4.111874255496852,0.6565971592075944,0.24138998651502458,0.10201285427738094,0.6565971592075944,6.268337740167484,14.614697777444354,1821.9791091764157,1194.2279279203417,127.0,4048.0
195,dogfooding_results/lidar_degeneracy_tunnel_200/00000195/cloud.pcd,51517,17173,40.419591812483766,13.76520350253997,4.106169709646875,0.6594422930741095,0.23896910779563735,0.10158859913025313,0.6594422930741095,6.268673492616502,14.627450774555633,1826.4612652134247,1198.3726374548492,127.0,4074.0
196,dogfooding_results/lidar_degeneracy_tunnel_200/00000196/cloud.pcd,51567,17189,40.39782317033796,13.66499507631515,4.1111079403798945,0.6617393214803551,0.2364950976603656,0.10176558085927931,0.6617393214803551,6.259472733187908,14.60769099947564,1827.3706052320283,1203.6028215883123,126.0,4085.0
197,dogfooding_results/lidar_degeneracy_tunnel_200/00000197/cloud.pcd,51584,17195,40.15362016944491,13.558374995429238,4.105036088390247,0.6623374196843514,0.23542930543115892,0.10223327488448959,0.6623374196843514,6.244627795481935,14.622444449244185,1811.938236662531,1187.9643701161408,126.0,4065.8499999999985
198,dogfooding_results/lidar_degeneracy_tunnel_200/00000198/cloud.pcd,51632,17211,40.04063173964133,13.472542864733152,4.095763214222493,0.6635282142315712,0.23418161110648486,0.10229017466194407,0.6635282142315712,6.233133951438563,14.642278218246538,1813.1452006507593,1190.3695048321645,128.0,4071.0
199,dogfooding_results/lidar_degeneracy_tunnel_200/00000199/cloud.pcd,51522,17174,40.27932929157991,13.387559756006485,4.099037368541386,0.6676320089866776,0.23060270741416727,0.10176528359915513,0.6676320089866776,6.23168715879233,14.728189792487855,1820.232871394744,1198.1090199441853,132.0,4102.0
