section,section_title,method,problem_status,dataset,reference_csv,variant_id,ate_m,rpe_trans_pct,fps,frames,is_current_default,gt_seeded,blocker,aggregate_path
A,"HDL-400 reference window, native per-point time",CT-LIO,ready,hdl_400_open_ct_lio_120,experiments/reference_data/hdl_400_public_reference.csv,imu_preintegration_default,3.134074,,26.044445,120,false,false,,experiments/results/ct_lio_reference_profile_matrix.json
A,"HDL-400 reference window, native per-point time",CT-LIO,ready,hdl_400_open_ct_lio_120,experiments/reference_data/hdl_400_public_reference.csv,seed_only_fast,0.488244,,17.477206,120,true,false,,experiments/results/ct_lio_reference_profile_matrix.json
A,"HDL-400 reference window, native per-point time",CT-LIO,ready,hdl_400_open_ct_lio_120,experiments/reference_data/hdl_400_public_reference.csv,history_smoother_dense,1.608813,,25.356933,120,false,false,,experiments/results/ct_lio_reference_profile_matrix.json
A,"HDL-400 reference window, native per-point time",CT-ICP,ready,hdl_400_open_ct_lio_120,experiments/reference_data/hdl_400_public_reference.csv,balanced_window,1.667679,10.947426,38.697069,120,false,false,,experiments/results/ct_icp_hdl_400_reference_matrix.json
A,"HDL-400 reference window, native per-point time",CT-ICP,ready,hdl_400_open_ct_lio_120,experiments/reference_data/hdl_400_public_reference.csv,fast_window,2.582133,20.008269,54.942143,120,true,false,,experiments/results/ct_icp_hdl_400_reference_matrix.json
A,"HDL-400 reference window, native per-point time",CT-ICP,ready,hdl_400_open_ct_lio_120,experiments/reference_data/hdl_400_public_reference.csv,dense_window,1.250647,6.524276,18.731262,120,false,false,,experiments/results/ct_icp_hdl_400_reference_matrix.json
B,"Public ROS1 HDL-400 window, synthesized per-point time",CT-LIO,ready,hdl_400_ros1_open_ct_lio_120_time_index,experiments/reference_data/hdl_400_public_reference.csv,imu_preintegration_default,2.202799,,8.379268,120,false,false,,experiments/results/ct_lio_hdl_400_public_ros1_synthtime_matrix.json
B,"Public ROS1 HDL-400 window, synthesized per-point time",CT-LIO,ready,hdl_400_ros1_open_ct_lio_120_time_index,experiments/reference_data/hdl_400_public_reference.csv,seed_only_fast,0.479317,,19.561344,120,true,false,,experiments/results/ct_lio_hdl_400_public_ros1_synthtime_matrix.json
B,"Public ROS1 HDL-400 window, synthesized per-point time",CT-LIO,ready,hdl_400_ros1_open_ct_lio_120_time_index,experiments/reference_data/hdl_400_public_reference.csv,history_smoother_dense,2.614340,,25.761412,120,false,false,,experiments/results/ct_lio_hdl_400_public_ros1_synthtime_matrix.json
B,"Public ROS1 HDL-400 window, synthesized per-point time",CT-ICP,ready,hdl_400_ros1_open_ct_lio_120_time_index,experiments/reference_data/hdl_400_public_reference.csv,balanced_window,1.603630,10.692955,29.798352,120,false,false,,experiments/results/ct_icp_hdl_400_public_ros1_synthtime_matrix.json
B,"Public ROS1 HDL-400 window, synthesized per-point time",CT-ICP,ready,hdl_400_ros1_open_ct_lio_120_time_index,experiments/reference_data/hdl_400_public_reference.csv,fast_window,2.464608,18.197346,65.889548,120,false,false,,experiments/results/ct_icp_hdl_400_public_ros1_synthtime_matrix.json
B,"Public ROS1 HDL-400 window, synthesized per-point time",CT-ICP,ready,hdl_400_ros1_open_ct_lio_120_time_index,experiments/reference_data/hdl_400_public_reference.csv,dense_window,1.254043,6.505538,18.700985,120,true,false,,experiments/results/ct_icp_hdl_400_public_ros1_synthtime_matrix.json
B,"Public ROS1 HDL-400 window, synthesized per-point time",CLINS,ready,hdl_400_ros1_open_ct_lio_120_time_index,experiments/reference_data/hdl_400_public_reference.csv,default,484.064284,,61.271053,120,false,true,,experiments/results/clins_hdl_400_public_ros1_synthtime_matrix.json
B,"Public ROS1 HDL-400 window, synthesized per-point time",CLINS,ready,hdl_400_ros1_open_ct_lio_120_time_index,experiments/reference_data/hdl_400_public_reference.csv,fast,350.051541,,100.269128,120,false,true,,experiments/results/clins_hdl_400_public_ros1_synthtime_matrix.json
B,"Public ROS1 HDL-400 window, synthesized per-point time",CLINS,ready,hdl_400_ros1_open_ct_lio_120_time_index,experiments/reference_data/hdl_400_public_reference.csv,dense,1.473223,,12.200311,120,true,true,,experiments/results/clins_hdl_400_public_ros1_synthtime_matrix.json
C,GT-backed CT-LIO readiness,CT-LIO,blocked,hdl_400_open_ct_lio_60,MISSING: repository-usable open GT CSV for HDL-400 is not prepared yet,,,,,,,,"A reference-based CT-LIO comparison now exists separately, but this repository still does not ship an independently curated GT CSV aligned to the extracted HDL-400 LiDAR+IMU sequence.",experiments/results/ct_lio_public_readiness_matrix.json
