method,sequence,paper_rte_pct,paper_source,repo_best_rpe_pct,repo_best_ratio,repo_pool_median_rpe_pct,repo_pool_size,repo_best_variant,repo_best_aggregate
ct_icp,00,0.49,"Table I CT-ICP (ours), KITTI-corrected, driving profile",1.972,4.02,2.173,80,velocity_reg_001,experiments/results/ct_icp_kitti_seq_00_velocity_reg_matrix.json
ct_icp,01,0.76,"Table I CT-ICP (ours), KITTI-corrected, driving profile",,,,0,,
ct_icp,02,0.52,"Table I CT-ICP (ours), KITTI-corrected, driving profile",2.642,5.08,3.332,78,map_15,experiments/results/ct_icp_kitti_seq_02_full_small_map_matrix.json
ct_icp,03,0.72,"Table I CT-ICP (ours), KITTI-corrected, driving profile",,,,0,,
ct_icp,04,0.39,"Table I CT-ICP (ours), KITTI-corrected, driving profile",,,,0,,
ct_icp,05,0.25,"Table I CT-ICP (ours), KITTI-corrected, driving profile",1.088,4.35,1.213,37,velocity_reg_005,experiments/results/ct_icp_kitti_seq_05_velocity_reg_matrix.json
ct_icp,06,0.27,"Table I CT-ICP (ours), KITTI-corrected, driving profile",,,,0,,
ct_icp,07,0.31,"Table I CT-ICP (ours), KITTI-corrected, driving profile",1.168,3.77,2.057,73,velocity_reg_005,experiments/results/ct_icp_kitti_seq_07_velocity_reg_matrix.json
ct_icp,08,0.81,"Table I CT-ICP (ours), KITTI-corrected, driving profile",1.905,2.35,2.099,45,velocity_reg_0015,experiments/results/ct_icp_kitti_seq_08_velocity_reg_matrix.json
ct_icp,09,0.49,"Table I CT-ICP (ours), KITTI-corrected, driving profile",,,,0,,
ct_icp,10,0.48,"Table I CT-ICP (ours), KITTI-corrected, driving profile",,,,0,,
kiss_icp,00,0.51,"Table VI (per sequence) and Table II (average) Ours (adaptive threshold), motion-compensated KITTI",0.857,1.68,0.867,4,fast_profile,experiments/results/kiss_icp_kitti_seq_00_full_sweep_matrix.json
kiss_icp,04,0.36,"Table VI (per sequence) and Table II (average) Ours (adaptive threshold), motion-compensated KITTI",,,,0,,
litamin2,00,0.78,"Table III LiTAMIN2 (ICP+Cov), without loop closure, 3 m voxel; translation [%] of KITTI stats",0.920,1.18,2.000,2,tuned_voxel1_iter12,experiments/results/litamin2_kitti_seq_00_full_tuned_matrix.json
litamin2,01,2.10,"Table III LiTAMIN2 (ICP+Cov), without loop closure, 3 m voxel; translation [%] of KITTI stats",,,,0,,
litamin2,02,0.95,"Table III LiTAMIN2 (ICP+Cov), without loop closure, 3 m voxel; translation [%] of KITTI stats",0.936,0.99,0.975,9,radius1_distance_gate_1_5m,experiments/results/litamin2_kitti_seq_02_full_correspondence_matrix.json
litamin2,03,0.96,"Table III LiTAMIN2 (ICP+Cov), without loop closure, 3 m voxel; translation [%] of KITTI stats",,,,0,,
litamin2,04,1.05,"Table III LiTAMIN2 (ICP+Cov), without loop closure, 3 m voxel; translation [%] of KITTI stats",,,,0,,
litamin2,05,0.55,"Table III LiTAMIN2 (ICP+Cov), without loop closure, 3 m voxel; translation [%] of KITTI stats",0.605,1.10,0.613,9,radius1_no_distance_gate,experiments/results/litamin2_kitti_seq_05_full_correspondence_matrix.json
litamin2,06,0.55,"Table III LiTAMIN2 (ICP+Cov), without loop closure, 3 m voxel; translation [%] of KITTI stats",,,,0,,
litamin2,07,0.48,"Table III LiTAMIN2 (ICP+Cov), without loop closure, 3 m voxel; translation [%] of KITTI stats",0.530,1.10,0.577,14,coarse_to_fine_3_2_1,experiments/results/litamin2_kitti_seq_07_full_correspondence_matrix.json
litamin2,08,1.01,"Table III LiTAMIN2 (ICP+Cov), without loop closure, 3 m voxel; translation [%] of KITTI stats",1.282,1.27,1.311,9,covariance_gradient_w0_1_linesearch,experiments/results/litamin2_kitti_seq_08_full_correspondence_matrix.json
litamin2,09,0.69,"Table III LiTAMIN2 (ICP+Cov), without loop closure, 3 m voxel; translation [%] of KITTI stats",,,,0,,
litamin2,10,0.80,"Table III LiTAMIN2 (ICP+Cov), without loop closure, 3 m voxel; translation [%] of KITTI stats",,,,0,,
