selector,dataset,contract_type,variant_id,variant_label,ate_m,fps,aggregate_path
aloam,hdl_400_open_ct_lio_120,reference-based,fast,Fast,0.192990,13.770110,experiments/results/aloam_hdl_400_reference_matrix.json
aloam,kitti_raw_0009_200,gt-backed,fast,Fast,3.469743,4.152710,experiments/results/aloam_kitti_raw_0009_nogt_matrix.json
aloam,kitti_raw_0009_200,gt-backed,fast,Fast,3.469743,3.116834,experiments/results/aloam_kitti_raw_0009_matrix.json
aloam,kitti_raw_0009_full,gt-backed,fast,Fast,6.104840,5.779396,experiments/results/aloam_kitti_raw_0009_full_matrix.json
aloam,kitti_raw_0061_200,gt-backed,fast,Fast,0.526859,6.002368,experiments/results/aloam_kitti_raw_0061_matrix.json
aloam,kitti_raw_0061_full,gt-backed,fast,Fast,3.653679,6.006798,experiments/results/aloam_kitti_raw_0061_full_matrix.json
aloam,kitti_seq_00_full,gt-backed,fast,Fast,19.120561,3.048415,experiments/results/aloam_kitti_seq_00_full_transfer_matrix.json
aloam,kitti_seq_02_full,gt-backed,fast,Fast,70.869561,3.183522,experiments/results/aloam_kitti_seq_02_full_transfer_matrix.json
aloam,kitti_seq_05_full,gt-backed,fast,Fast,7.795592,3.023642,experiments/results/aloam_kitti_seq_05_full_transfer_matrix.json
aloam,kitti_seq_07_full,gt-backed,fast,Fast,4.030193,1.745914,experiments/results/aloam_kitti_seq_07_full_sweep_matrix.json
aloam,kitti_seq_08_full,gt-backed,fast,Fast,26.169683,2.891723,experiments/results/aloam_kitti_seq_08_full_transfer_matrix.json
aloam,mcd_kth_day_06_108,gt-backed,fast,Fast,6.100331,6.663472,experiments/results/aloam_mcd_kth_day_06_matrix.json
aloam,mcd_ntu_day_02_108,gt-backed,dense,Dense,0.034946,2.958860,experiments/results/aloam_mcd_ntu_day_02_matrix.json
aloam,mcd_tuhh_night_09_108,gt-backed,fast,Fast,1.373994,6.473793,experiments/results/aloam_mcd_tuhh_night_09_matrix.json
balm2,hdl_400_open_ct_lio_120,reference-based,fast,Fast,0.826897,8.996424,experiments/results/balm2_hdl_400_reference_matrix.json
balm2,kitti_raw_0009_200,gt-backed,fast,Fast,2.404908,6.345011,experiments/results/balm2_kitti_raw_0009_nogt_matrix.json
balm2,kitti_raw_0009_200,gt-backed,fast,Fast,2.404908,4.379069,experiments/results/balm2_kitti_raw_0009_matrix.json
balm2,kitti_raw_0009_full,gt-backed,fast,Fast,3.337729,12.655847,experiments/results/balm2_kitti_raw_0009_full_matrix.json
balm2,kitti_raw_0061_200,gt-backed,fast,Fast,2.926082,13.186665,experiments/results/balm2_kitti_raw_0061_matrix.json
balm2,kitti_raw_0061_full,gt-backed,fast,Fast,15.574380,11.357471,experiments/results/balm2_kitti_raw_0061_full_matrix.json
balm2,mcd_kth_day_06_108,gt-backed,fast,Fast,6.227478,13.389958,experiments/results/balm2_mcd_kth_day_06_matrix.json
balm2,mcd_ntu_day_02_108,gt-backed,fast,Fast,0.171767,12.738187,experiments/results/balm2_mcd_ntu_day_02_matrix.json
balm2,mcd_tuhh_night_09_108,gt-backed,fast,Fast,1.697580,14.612592,experiments/results/balm2_mcd_tuhh_night_09_matrix.json
clins,hdl_400_ros1_open_ct_lio_120_time_index,reference-based,dense,Dense,1.473223,12.200311,experiments/results/clins_hdl_400_public_ros1_synthtime_matrix.json
ct_icp,autoware_istanbul_open_108,gt-backed,fast_window,Fast window,79.760529,2.745632,experiments/results/ct_icp_profile_matrix.json
ct_icp,autoware_istanbul_open_108_b,gt-backed,balanced_window,Balanced window,6.819773,1.582405,experiments/results/ct_icp_istanbul_window_b_matrix.json
ct_icp,autoware_istanbul_open_108_c,gt-backed,balanced_window,Balanced window,7.539417,1.311901,experiments/results/ct_icp_istanbul_window_c_matrix.json
ct_icp,hdl_400_open_ct_lio_120,reference-based,fast_window,Fast window,2.582133,54.942143,experiments/results/ct_icp_hdl_400_reference_matrix.json
ct_icp,hdl_400_open_ct_lio_120_b,reference-based,fast_window,Fast window,1.210946,2.358097,experiments/results/ct_icp_hdl_400_reference_b_matrix.json
ct_icp,hdl_400_ros1_open_ct_lio_120_time_index,reference-based,dense_window,Dense window,1.254043,18.700985,experiments/results/ct_icp_hdl_400_public_ros1_synthtime_matrix.json
ct_icp,kitti_raw_0009_200,gt-backed,cluster_d_ms_chol,cluster D (ms_chol),2.578578,7.198875,experiments/results/ct_icp_kitti_raw_0009_200_recipes_matrix.json
ct_icp,kitti_raw_0009_200,gt-backed,fast_window,Fast window,2.691704,16.888227,experiments/results/ct_icp_kitti_raw_0009_matrix.json
ct_icp,kitti_raw_0009_200,gt-backed,balanced_window,Balanced window,1.659312,44.509873,experiments/results/ct_icp_kitti_raw_0009_nogt_matrix.json
ct_icp,kitti_raw_0009_full,gt-backed,balanced_reference,balanced_window (current best 4.67 m),4.105433,7.412343,experiments/results/ct_icp_kitti_raw_0009_full_recipes_matrix.json
ct_icp,kitti_raw_0009_full,gt-backed,fast_window,Fast window,3.871395,12.692597,experiments/results/ct_icp_kitti_raw_0009_full_matrix.json
ct_icp,kitti_raw_0061_200,gt-backed,fast_reference,fast_window (current best 1.48 m),1.474966,59.360702,experiments/results/ct_icp_kitti_raw_0061_200_recipes_matrix.json
ct_icp,kitti_raw_0061_200,gt-backed,fast_window,Fast window,1.474966,56.877472,experiments/results/ct_icp_kitti_raw_0061_matrix.json
ct_icp,kitti_raw_0061_full,gt-backed,fast_window_reference,fast_window (current best 6.97 m),6.972412,57.762810,experiments/results/ct_icp_kitti_raw_0061_full_recipes_matrix.json
ct_icp,kitti_raw_0061_full,gt-backed,fast_window,Fast window,6.972412,37.596966,experiments/results/ct_icp_kitti_raw_0061_full_matrix.json
ct_icp,kitti_seq_00_108,gt-backed,fast_window,Fast window,2.823569,74.875346,experiments/results/ct_icp_kitti_seq_00_matrix.json
ct_icp,kitti_seq_00_full,gt-backed,cauchy_4_0,cauchy=4.0,18.894531,10.579054,experiments/results/ct_icp_kitti_seq_00_full_cauchy_sweep_matrix.json
ct_icp,kitti_seq_00_full,gt-backed,cluster_a_seeded,cluster A + GT seed,5.855169,6.869647,experiments/results/ct_icp_kitti_seq_00_full_seeded_matrix.json
ct_icp,kitti_seq_00_full,gt-backed,radius_1,"coarse search radius=1 (3x3x3, same as fine)",14.816728,10.239470,experiments/results/ct_icp_kitti_seq_00_full_search_radius_sweep_matrix.json
ct_icp,kitti_seq_00_full,gt-backed,fine_sigma_0_25,fine σ=0.25 (tighter),12.350886,8.444452,experiments/results/ct_icp_kitti_seq_00_full_fine_cauchy_sweep_matrix.json
ct_icp,kitti_seq_00_full,gt-backed,map_20_reference,c2f_sigma_only map=20 (existing winner),18.370084,10.387226,experiments/results/ct_icp_kitti_seq_00_full_map_size_sweep_matrix.json
ct_icp,kitti_seq_00_full,gt-backed,iter_1,coarse_iter=1,14.099214,9.790595,experiments/results/ct_icp_kitti_seq_00_full_coarse_iter_sweep_matrix.json
ct_icp,kitti_seq_00_full,gt-backed,c2f_reference,"dense + c2f cluster-A (existing best, RPE 2.059%)",14.099214,8.661467,experiments/results/ct_icp_kitti_seq_00_velocity_reg_matrix.json
ct_icp,kitti_seq_00_full,gt-backed,bare_corr_8,bare + corr=8,17.567605,13.761979,experiments/results/ct_icp_kitti_seq_00_corr_bare_matrix.json
ct_icp,kitti_seq_00_full,gt-backed,plus_corr_5,+ corr=5,12.931286,11.401389,experiments/results/ct_icp_kitti_seq_00_simplified_corr_matrix.json
ct_icp,kitti_seq_00_full,gt-backed,corr_5,corr=5,12.931286,9.797025,experiments/results/ct_icp_kitti_corr_fine_grid_matrix.json
ct_icp,kitti_seq_00_full,gt-backed,minus_ms_chol,"full minus ms_chol (no multi-scale, no cholesky)",12.931286,11.545251,experiments/results/ct_icp_kitti_seq_00_leave_one_out_matrix.json
ct_icp,kitti_seq_00_full,gt-backed,map_50_plus_corr_5,map=50 + corr=5,14.894004,12.484353,experiments/results/ct_icp_kitti_seq_00_map50_partner_matrix.json
ct_icp,kitti_seq_00_full,gt-backed,bare_map_50,bare map=50,15.753208,11.232349,experiments/results/ct_icp_kitti_seq_00_map_bare_matrix.json
ct_icp,kitti_seq_00_full,gt-backed,corr_8,corr_dist=8 m² (2.8 m linear),16.777773,9.514378,experiments/results/ct_icp_kitti_seq_00_full_corr_dist_sweep_matrix.json
ct_icp,kitti_seq_00_full,gt-backed,balanced_window,Balanced window,19.413445,12.987193,experiments/results/ct_icp_kitti_seq_00_full_matrix.json
ct_icp,kitti_seq_02_full,gt-backed,baseline_reference,dense + iter=6 + map=20 (existing winner),68.971756,10.699625,experiments/results/ct_icp_kitti_seq_02_full_c2f_without_ms_chol_matrix.json
ct_icp,kitti_seq_02_full,gt-backed,ms_chol_corr_5,ms_chol + corr=5,65.305225,8.646981,experiments/results/ct_icp_kitti_seq_02_corr_ms_chol_combo_matrix.json
ct_icp,kitti_seq_02_full,gt-backed,default_reference,baseline (dense + iter=6 + map=20) — existing winner,68.971756,10.310459,experiments/results/ct_icp_kitti_seq_02_corr_dist_retrofit_matrix.json
ct_icp,kitti_seq_02_full,gt-backed,corr_5,corr=5,65.305225,10.401281,experiments/results/ct_icp_kitti_seq_02_corr_fine_grid_matrix.json
ct_icp,kitti_seq_02_full,gt-backed,baseline_map_20,baseline (dense + iter=6 + map=20),68.971756,8.222870,experiments/results/ct_icp_kitti_map50_retrofit_matrix.json
ct_icp,kitti_seq_02_full,gt-backed,map_15,corr=8 + map=15,73.229642,11.729299,experiments/results/ct_icp_kitti_seq_02_map_with_corr_matrix.json
ct_icp,kitti_seq_02_full,gt-backed,current_winner,bare + corr=8 (existing seq 02 winner),93.641583,12.981597,experiments/results/ct_icp_kitti_simplified_cross_seq_02_matrix.json
ct_icp,kitti_seq_02_full,gt-backed,map_15,baseline map=15,76.464274,4.436775,experiments/results/ct_icp_kitti_seq_02_full_small_map_matrix.json
ct_icp,kitti_seq_05_full,gt-backed,map_50_c2f_plus_corr_4,map=50 + c2f σ×2 + corr=4 (combine both),9.305117,9.088370,experiments/results/ct_icp_kitti_simplified_cross_seq_05_matrix.json
ct_icp,kitti_seq_05_full,gt-backed,velocity_reg_005,+ constant-velocity-weight 0.05 (winner),11.948693,5.107177,experiments/results/ct_icp_kitti_seq_05_velocity_reg_matrix.json
ct_icp,kitti_seq_05_full,gt-backed,corr_4_reference,arch_tuned corr=4 (existing winner),9.485377,11.598600,experiments/results/ct_icp_kitti_seq_05_corr_dist_sweep_matrix.json
ct_icp,kitti_seq_05_full,gt-backed,arch_tuned_map_50,arch_tuned map=50,8.844180,11.312145,experiments/results/ct_icp_kitti_seq_05_map50_retrofit_matrix.json
ct_icp,kitti_seq_05_full,gt-backed,bare_map_30,bare map=30,11.706514,7.018806,experiments/results/ct_icp_kitti_seq_05_map_bare_matrix.json
ct_icp,kitti_seq_05_full,gt-backed,arch_tuned_map_50,arch_tuned + map=50 (full + bigger),8.844180,10.161478,experiments/results/ct_icp_kitti_seq_05_combo_matrix.json
ct_icp,kitti_seq_07_108,gt-backed,fast_window,Fast window,0.978124,77.324543,experiments/results/ct_icp_kitti_seq_07_matrix.json
ct_icp,kitti_seq_07_full,gt-backed,cluster_d_full_seeded,cluster D full + GT seed,1.603308,11.199228,experiments/results/ct_icp_kitti_seq_07_full_seeded_matrix.json
ct_icp,kitti_seq_07_full,gt-backed,velocity_reg_01,+ constant-velocity-weight 0.1,2.490372,5.972363,experiments/results/ct_icp_kitti_seq_07_velocity_reg_matrix.json
ct_icp,kitti_seq_07_full,gt-backed,corr_8,ms_chol + corr_dist=8 m²,2.048823,14.056411,experiments/results/ct_icp_kitti_seq_07_corr_dist_retrofit_matrix.json
ct_icp,kitti_seq_07_full,gt-backed,ms_chol_map_50,ms_chol map=50,1.472071,12.670853,experiments/results/ct_icp_kitti_seq_07_map50_retrofit_matrix.json
ct_icp,kitti_seq_07_full,gt-backed,ms_chol_plus_simplified_a,ms_chol + map=50 + c2f σ×2 (full combo),2.009554,9.861306,experiments/results/ct_icp_kitti_seq_07_combo_matrix.json
ct_icp,kitti_seq_07_full,gt-backed,simplified_seq_00_pattern,map=50 + c2f σ×2 (no ms_chol),2.009554,11.824608,experiments/results/ct_icp_kitti_simplified_cross_seq_07_matrix.json
ct_icp,kitti_seq_07_full,gt-backed,dense_window,Dense window,2.842213,17.515768,experiments/results/ct_icp_kitti_seq_07_full_matrix.json
ct_icp,kitti_seq_08_full,gt-backed,cauchy_2_5,cauchy=2.5,31.957631,11.927912,experiments/results/ct_icp_kitti_seq_08_full_cauchy_sweep_matrix.json
ct_icp,kitti_seq_08_full,gt-backed,cluster_a_seeded,cluster A + GT seed,6.812792,6.849047,experiments/results/ct_icp_kitti_seq_08_full_seeded_matrix.json
ct_icp,kitti_seq_08_full,gt-backed,cholesky_c2f_no_ms,cholesky + c2f (no multi-scale),37.043287,12.176104,experiments/results/ct_icp_kitti_seq_08_c2f_alone_matrix.json
ct_icp,kitti_seq_08_full,gt-backed,iter_6,coarse_iter=6,30.418254,10.387708,experiments/results/ct_icp_kitti_seq_08_full_coarse_iter_sweep_matrix.json
ct_icp,kitti_seq_08_full,gt-backed,velocity_reg_001,+ constant-velocity-weight 0.01 (RPE 1.935%),40.361941,9.304408,experiments/results/ct_icp_kitti_seq_08_velocity_reg_matrix.json
ct_icp,kitti_seq_08_full,gt-backed,default_reference,simplified (map=50 + c2f σ×2) — existing 27.85 m,28.427109,10.948634,experiments/results/ct_icp_kitti_seq_08_simplified_corr_matrix.json
ct_icp,kitti_seq_08_full,gt-backed,corr_8,c2f_only + corr_dist=8 m²,33.860311,10.175623,experiments/results/ct_icp_kitti_seq_08_corr_dist_retrofit_matrix.json
ct_icp,kitti_seq_08_full,gt-backed,c2f_only_map_20,c2f_only map=20 (existing winner),37.043287,8.629380,experiments/results/ct_icp_kitti_seq_08_map50_retrofit_matrix.json
ct_icp,kitti_seq_08_full,gt-backed,simplified_seq_00_pattern,map=50 + c2f σ×2 (no ms_chol),28.427109,8.526513,experiments/results/ct_icp_kitti_simplified_cross_seq_08_matrix.json
ct_icp,mcd_kth_day_06_108,gt-backed,dense_seeded_reference,dense_window + GT seed,2.778014,28.255376,experiments/results/ct_icp_mcd_kth_day_06_seeded_matrix.json
ct_icp,mcd_kth_day_06_108,gt-backed,dense_reference,dense_window only (current best 6.12 m),6.114585,17.963315,experiments/results/ct_icp_mcd_kth_day_06_recipes_matrix.json
ct_icp,mcd_kth_day_06_108,gt-backed,fast_window,Fast window,6.524810,57.236695,experiments/results/ct_icp_mcd_kth_day_06_matrix.json
ct_icp,mcd_ntu_day_02_108,gt-backed,dense_seeded_reference,dense_window + GT seed,0.450979,28.372130,experiments/results/ct_icp_mcd_ntu_day_02_seeded_matrix.json
ct_icp,mcd_ntu_day_02_108,gt-backed,dense_reference,dense_window (current best 0.325 m),0.325263,21.876931,experiments/results/ct_icp_mcd_ntu_day_02_recipes_matrix.json
ct_icp,mcd_ntu_day_02_108,gt-backed,dense_window,Dense window,0.325263,18.615633,experiments/results/ct_icp_mcd_ntu_day_02_matrix.json
ct_icp,mcd_tuhh_night_09_108,gt-backed,dense_seeded_reference,dense_window + GT seed,1.181929,27.420155,experiments/results/ct_icp_mcd_tuhh_night_09_seeded_matrix.json
ct_icp,mcd_tuhh_night_09_108,gt-backed,dense_reference,dense_window (current best 1.65 m),1.652374,22.796122,experiments/results/ct_icp_mcd_tuhh_night_09_recipes_matrix.json
ct_icp,mcd_tuhh_night_09_108,gt-backed,fast_window,Fast window,3.552540,51.379223,experiments/results/ct_icp_mcd_tuhh_night_09_matrix.json
ct_icp,mulran_parkinglot_120,gt-backed,cluster_a_with_seed,cluster A + GT seed,2.546571,17.869489,experiments/results/ct_icp_mulran_parkinglot_120_recipes_matrix.json
ct_icp,mulran_parkinglot_120,gt-backed,fast_window,Fast window,16.474292,74.718714,experiments/results/ct_icp_mulran_parkinglot_120_matrix.json
ct_icp,mulran_parkinglot_full,gt-backed,cluster_a_with_seed,cluster A (map=50 + c2f σ×2) + GT seed,9.185784,14.577309,experiments/results/ct_icp_mulran_parkinglot_full_cluster_a_matrix.json
ct_icp,mulran_parkinglot_full,gt-backed,fast_window,Fast window,80.958211,59.749697,experiments/results/ct_icp_mulran_parkinglot_full_matrix.json
ct_lio,hdl_400_open_ct_lio_120,reference-based,seed_only_fast,Seed-only fast,0.488244,17.477206,experiments/results/ct_lio_reference_profile_matrix.json
ct_lio,hdl_400_ros1_open_ct_lio_120_time_index,reference-based,seed_only_fast,Seed-only fast,0.479317,19.561344,experiments/results/ct_lio_hdl_400_public_ros1_synthtime_matrix.json
dlio,hdl_400_open_ct_lio_120,reference-based,fast,Fast,0.239300,12.061980,experiments/results/dlio_hdl_400_reference_matrix.json
dlio,kitti_raw_0009_200,gt-backed,fast,Fast,2.361788,7.003044,experiments/results/dlio_kitti_raw_0009_nogt_matrix.json
dlio,kitti_raw_0009_200,gt-backed,fast,Fast,2.361788,5.327275,experiments/results/dlio_kitti_raw_0009_matrix.json
dlio,kitti_raw_0009_full,gt-backed,fast,Fast,5.026012,7.305497,experiments/results/dlio_kitti_raw_0009_full_matrix.json
dlio,kitti_raw_0061_200,gt-backed,fast,Fast,0.881768,8.480427,experiments/results/dlio_kitti_raw_0061_matrix.json
dlio,kitti_raw_0061_full,gt-backed,fast,Fast,7.369901,10.651900,experiments/results/dlio_kitti_raw_0061_full_matrix.json
dlio,mcd_kth_day_06_108,gt-backed,fast,Fast,6.080595,10.381655,experiments/results/dlio_mcd_kth_day_06_matrix.json
dlio,mcd_ntu_day_02_108,gt-backed,kitti_default,KITTI default,0.016238,10.289113,experiments/results/dlio_mcd_ntu_day_02_matrix.json
dlio,mcd_tuhh_night_09_108,gt-backed,fast,Fast,1.344414,13.003484,experiments/results/dlio_mcd_tuhh_night_09_matrix.json
dlo,hdl_400_open_ct_lio_120,reference-based,fast,Fast,0.118363,15.009659,experiments/results/dlo_hdl_400_reference_matrix.json
dlo,kitti_raw_0009_200,gt-backed,fast,Fast,2.361788,7.081493,experiments/results/dlo_kitti_raw_0009_nogt_matrix.json
dlo,kitti_raw_0009_200,gt-backed,fast,Fast,2.361788,5.949779,experiments/results/dlo_kitti_raw_0009_matrix.json
dlo,kitti_raw_0009_full,gt-backed,fast,Fast,5.026012,7.333610,experiments/results/dlo_kitti_raw_0009_full_matrix.json
dlo,kitti_raw_0061_200,gt-backed,fast,Fast,0.881768,8.465097,experiments/results/dlo_kitti_raw_0061_matrix.json
dlo,kitti_raw_0061_full,gt-backed,fast,Fast,7.369901,10.593163,experiments/results/dlo_kitti_raw_0061_full_matrix.json
dlo,mcd_kth_day_06_108,gt-backed,fast,Fast,6.080595,10.720566,experiments/results/dlo_mcd_kth_day_06_matrix.json
dlo,mcd_ntu_day_02_108,gt-backed,kitti_default,KITTI default,0.016238,10.157369,experiments/results/dlo_mcd_ntu_day_02_matrix.json
dlo,mcd_tuhh_night_09_108,gt-backed,fast,Fast,1.344414,13.920336,experiments/results/dlo_mcd_tuhh_night_09_matrix.json
fast_lio2,hdl_400_open_ct_lio_120,reference-based,fast,Fast,0.114415,9.128332,experiments/results/fast_lio2_hdl_400_reference_matrix.json
fast_lio2,kitti_raw_0009_200,gt-backed,fast,Fast,2.328348,12.674145,experiments/results/fast_lio2_kitti_raw_0009_nogt_matrix.json
fast_lio2,kitti_raw_0009_200,gt-backed,fast,Fast,2.328348,12.286631,experiments/results/fast_lio2_kitti_raw_0009_matrix.json
fast_lio2,kitti_raw_0009_full,gt-backed,fast,Fast,5.198679,13.508599,experiments/results/fast_lio2_kitti_raw_0009_full_matrix.json
fast_lio2,kitti_raw_0061_200,gt-backed,fast,Fast,0.633601,13.570689,experiments/results/fast_lio2_kitti_raw_0061_matrix.json
fast_lio2,kitti_raw_0061_full,gt-backed,fast,Fast,5.065538,13.486389,experiments/results/fast_lio2_kitti_raw_0061_full_matrix.json
fast_lio2,mcd_kth_day_06_108,gt-backed,fast,Fast,6.071727,12.440676,experiments/results/fast_lio2_mcd_kth_day_06_matrix.json
fast_lio2,mcd_ntu_day_02_108,gt-backed,fast,Fast,0.024772,23.695211,experiments/results/fast_lio2_mcd_ntu_day_02_matrix.json
fast_lio2,mcd_tuhh_night_09_108,gt-backed,fast,Fast,1.338921,14.153920,experiments/results/fast_lio2_mcd_tuhh_night_09_matrix.json
fast_lio_slam,hdl_400_open_ct_lio_120,reference-based,fast,Fast,0.127792,8.441544,experiments/results/fast_lio_slam_hdl_400_reference_matrix.json
fast_lio_slam,kitti_raw_0009_200,gt-backed,fast,Fast,2.381692,11.290223,experiments/results/fast_lio_slam_kitti_raw_0009_nogt_matrix.json
fast_lio_slam,kitti_raw_0009_200,gt-backed,fast,Fast,2.381692,8.783401,experiments/results/fast_lio_slam_kitti_raw_0009_matrix.json
fast_lio_slam,kitti_raw_0009_full,gt-backed,fast,Fast,5.289333,11.256113,experiments/results/fast_lio_slam_kitti_raw_0009_full_matrix.json
fast_lio_slam,kitti_raw_0061_200,gt-backed,fast,Fast,0.659784,11.214183,experiments/results/fast_lio_slam_kitti_raw_0061_matrix.json
fast_lio_slam,kitti_raw_0061_full,gt-backed,fast,Fast,4.945071,9.117200,experiments/results/fast_lio_slam_kitti_raw_0061_full_matrix.json
fast_lio_slam,mcd_kth_day_06_108,gt-backed,fast,Fast,6.074937,9.424651,experiments/results/fast_lio_slam_mcd_kth_day_06_matrix.json
fast_lio_slam,mcd_ntu_day_02_108,gt-backed,fast,Fast,0.027647,20.416410,experiments/results/fast_lio_slam_mcd_ntu_day_02_matrix.json
fast_lio_slam,mcd_tuhh_night_09_108,gt-backed,fast,Fast,1.331989,12.753311,experiments/results/fast_lio_slam_mcd_tuhh_night_09_matrix.json
fast_livo2,kitti_raw_0009_200,gt-backed,fast,Fast,31.368137,8.304955,experiments/results/fast_livo2_kitti_raw_0009_matrix.json
fast_livo2,kitti_raw_0009_full,gt-backed,fast,Fast,49.629492,7.454006,experiments/results/fast_livo2_kitti_raw_0009_full_matrix.json
fast_livo2,kitti_raw_0061_200,gt-backed,fast,Fast,27.581017,7.172801,experiments/results/fast_livo2_kitti_raw_0061_matrix.json
fast_livo2,kitti_raw_0061_full,gt-backed,fast,Fast,96.345205,14.034048,experiments/results/fast_livo2_kitti_raw_0061_full_matrix.json
floam,hdl_400_open_ct_lio_120,reference-based,fast,Fast,0.411389,64.153154,experiments/results/floam_hdl_400_reference_matrix.json
floam,kitti_raw_0009_200,gt-backed,fast,Fast,3.485754,28.042056,experiments/results/floam_kitti_raw_0009_nogt_matrix.json
floam,kitti_raw_0009_200,gt-backed,fast,Fast,3.485754,24.630711,experiments/results/floam_kitti_raw_0009_matrix.json
floam,kitti_raw_0009_full,gt-backed,fast,Fast,5.452120,28.590294,experiments/results/floam_kitti_raw_0009_full_matrix.json
floam,kitti_raw_0061_200,gt-backed,fast,Fast,0.756369,25.910127,experiments/results/floam_kitti_raw_0061_matrix.json
floam,kitti_raw_0061_full,gt-backed,fast,Fast,3.821616,30.717909,experiments/results/floam_kitti_raw_0061_full_matrix.json
floam,kitti_seq_00_full,gt-backed,kitti_default,KITTI default,19.163961,6.463450,experiments/results/floam_kitti_seq_00_full_transfer_matrix.json
floam,kitti_seq_02_full,gt-backed,kitti_default,KITTI default,77.796485,5.926579,experiments/results/floam_kitti_seq_02_full_transfer_matrix.json
floam,kitti_seq_05_full,gt-backed,kitti_default,KITTI default,6.780194,1.950932,experiments/results/floam_kitti_seq_05_full_transfer_matrix.json
floam,kitti_seq_07_full,gt-backed,fast,Fast,5.025975,8.711532,experiments/results/floam_kitti_seq_07_full_sweep_matrix.json
floam,kitti_seq_08_full,gt-backed,kitti_default,KITTI default,16.515801,5.972517,experiments/results/floam_kitti_seq_08_full_transfer_matrix.json
floam,mcd_kth_day_06_108,gt-backed,fast,Fast,6.005421,31.117248,experiments/results/floam_mcd_kth_day_06_matrix.json
floam,mcd_ntu_day_02_108,gt-backed,fast,Fast,0.151863,26.990908,experiments/results/floam_mcd_ntu_day_02_matrix.json
floam,mcd_tuhh_night_09_108,gt-backed,fast,Fast,1.344956,27.605206,experiments/results/floam_mcd_tuhh_night_09_matrix.json
genz_icp,nclt_2013_01_10_120,gt-backed,default,Default profile,3.512657,7.568846,experiments/results/genz_icp_nclt_2013_01_10_matrix.json
gicp,autoware_istanbul_open_108,gt-backed,fast_recent_map,Fast recent map,1.074032,6.269615,experiments/results/gicp_profile_matrix.json
gicp,autoware_istanbul_open_108_b,gt-backed,fast_recent_map,Fast recent map,1.165895,5.677428,experiments/results/gicp_istanbul_window_b_matrix.json
gicp,autoware_istanbul_open_108_c,gt-backed,fast_recent_map,Fast recent map,0.981916,4.265101,experiments/results/gicp_istanbul_window_c_matrix.json
gicp,hdl_400_open_ct_lio_120,reference-based,fast_recent_map,Fast recent map,0.214675,23.337712,experiments/results/gicp_hdl_400_reference_matrix.json
gicp,hdl_400_open_ct_lio_120_b,reference-based,fast_recent_map,Fast recent map,0.283982,1.709203,experiments/results/gicp_hdl_400_reference_b_matrix.json
gicp,kitti_raw_0009_200,gt-backed,fast_recent_map,Fast recent map,1.151269,11.763779,experiments/results/gicp_kitti_raw_0009_matrix.json
gicp,kitti_raw_0009_200,gt-backed,fast_recent_map,Fast recent map,2.068052,8.576454,experiments/results/gicp_kitti_raw_0009_nogt_matrix.json
gicp,kitti_raw_0009_full,gt-backed,fast_recent_map,Fast recent map,1.129410,8.430922,experiments/results/gicp_kitti_raw_0009_full_matrix.json
gicp,kitti_raw_0061_200,gt-backed,fast_recent_map,Fast recent map,0.959049,25.741027,experiments/results/gicp_kitti_raw_0061_matrix.json
gicp,kitti_raw_0061_full,gt-backed,fast_recent_map,Fast recent map,1.080850,22.758923,experiments/results/gicp_kitti_raw_0061_full_matrix.json
gicp,mcd_kth_day_06_108,gt-backed,fast_recent_map,Fast recent map,0.629828,24.673568,experiments/results/gicp_mcd_kth_day_06_matrix.json
gicp,mcd_ntu_day_02_108,gt-backed,dense_recent_map,Dense recent map,0.016816,12.991898,experiments/results/gicp_mcd_ntu_day_02_matrix.json
gicp,mcd_tuhh_night_09_108,gt-backed,fast_recent_map,Fast recent map,0.316541,31.240385,experiments/results/gicp_mcd_tuhh_night_09_matrix.json
gicp,mulran_parkinglot_120,gt-backed,fast_recent_map,Fast recent map,0.643851,27.744637,experiments/results/gicp_mulran_parkinglot_120_matrix.json
gicp,mulran_parkinglot_full,gt-backed,fast_recent_map,Fast recent map,1.148695,30.276080,experiments/results/gicp_mulran_parkinglot_full_matrix.json
hdl_graph_slam,hdl_400_open_ct_lio_120,reference-based,fast,Fast,15.655995,6.749644,experiments/results/hdl_graph_slam_hdl_400_reference_matrix.json
hdl_graph_slam,kitti_raw_0009_200,gt-backed,fast,Fast,2.877962,15.416470,experiments/results/hdl_graph_slam_kitti_raw_0009_matrix.json
hdl_graph_slam,kitti_raw_0009_200,gt-backed,default,Default,122.140983,1.889904,experiments/results/hdl_graph_slam_kitti_raw_0009_nogt_matrix.json
hdl_graph_slam,kitti_raw_0009_full,gt-backed,default,Default,185.826196,0.172750,experiments/results/hdl_graph_slam_kitti_raw_0009_full_matrix.json
hdl_graph_slam,kitti_raw_0061_200,gt-backed,fast,Fast,6.421096,19.152311,experiments/results/hdl_graph_slam_kitti_raw_0061_matrix.json
hdl_graph_slam,mcd_kth_day_06_108,gt-backed,fast,Fast,9.241273,13.927111,experiments/results/hdl_graph_slam_mcd_kth_day_06_matrix.json
hdl_graph_slam,mcd_ntu_day_02_108,gt-backed,dense,Dense,0.179861,6.514175,experiments/results/hdl_graph_slam_mcd_ntu_day_02_matrix.json
hdl_graph_slam,mcd_tuhh_night_09_108,gt-backed,dense,Dense,1.373137,4.163019,experiments/results/hdl_graph_slam_mcd_tuhh_night_09_matrix.json
isc_loam,hdl_400_open_ct_lio_120,reference-based,fast,Fast,0.161975,37.004353,experiments/results/isc_loam_hdl_400_reference_matrix.json
isc_loam,kitti_raw_0009_200,gt-backed,fast,Fast,2.321429,37.613257,experiments/results/isc_loam_kitti_raw_0009_nogt_matrix.json
isc_loam,kitti_raw_0009_200,gt-backed,fast,Fast,2.321429,35.591566,experiments/results/isc_loam_kitti_raw_0009_matrix.json
isc_loam,kitti_raw_0009_full,gt-backed,fast,Fast,4.323063,30.479877,experiments/results/isc_loam_kitti_raw_0009_full_matrix.json
isc_loam,kitti_raw_0061_200,gt-backed,dense,Dense,0.493689,23.677852,experiments/results/isc_loam_kitti_raw_0061_matrix.json
isc_loam,kitti_raw_0061_full,gt-backed,fast,Fast,5.439002,33.500917,experiments/results/isc_loam_kitti_raw_0061_full_matrix.json
isc_loam,mcd_kth_day_06_108,gt-backed,fast,Fast,6.093531,48.604253,experiments/results/isc_loam_mcd_kth_day_06_matrix.json
isc_loam,mcd_ntu_day_02_108,gt-backed,fast,Fast,0.064940,50.238587,experiments/results/isc_loam_mcd_ntu_day_02_matrix.json
isc_loam,mcd_tuhh_night_09_108,gt-backed,fast,Fast,1.357469,53.163133,experiments/results/isc_loam_mcd_tuhh_night_09_matrix.json
kiss_icp,autoware_istanbul_open_108,gt-backed,fast_recent_map,Fast recent map,182.959848,4.049046,experiments/results/kiss_icp_profile_matrix.json
kiss_icp,autoware_istanbul_open_108_b,gt-backed,dense_local_map,Dense local map,144.085953,3.585160,experiments/results/kiss_icp_istanbul_window_b_matrix.json
kiss_icp,autoware_istanbul_open_108_c,gt-backed,fast_recent_map,Fast recent map,131.691761,3.744606,experiments/results/kiss_icp_istanbul_window_c_matrix.json
kiss_icp,hdl_400_open_ct_lio_120,reference-based,fast_recent_map,Fast recent map,1.280790,11.275908,experiments/results/kiss_icp_hdl_400_reference_matrix.json
kiss_icp,hdl_400_open_ct_lio_120_b,reference-based,fast_recent_map,Fast recent map,0.218431,0.446613,experiments/results/kiss_icp_hdl_400_reference_b_matrix.json
kiss_icp,kitti_raw_0009_200,gt-backed,fast_recent_map,Fast recent map,2.577746,18.712085,experiments/results/kiss_icp_kitti_raw_0009_matrix.json
kiss_icp,kitti_raw_0009_200,gt-backed,fast_recent_map,Fast recent map,2.577746,18.195931,experiments/results/kiss_icp_kitti_raw_0009_nogt_matrix.json
kiss_icp,kitti_raw_0009_full,gt-backed,fast_recent_map,Fast recent map,4.207068,10.839305,experiments/results/kiss_icp_kitti_raw_0009_full_matrix.json
kiss_icp,kitti_raw_0061_200,gt-backed,fast_recent_map,Fast recent map,0.678894,28.258976,experiments/results/kiss_icp_kitti_raw_0061_matrix.json
kiss_icp,kitti_raw_0061_full,gt-backed,fast_recent_map,Fast recent map,4.622772,11.229322,experiments/results/kiss_icp_kitti_raw_0061_full_matrix.json
kiss_icp,kitti_seq_00_full,gt-backed,dense_profile,dense profile,12.323400,1.248601,experiments/results/kiss_icp_kitti_seq_00_full_sweep_matrix.json
kiss_icp,kitti_seq_02_full,gt-backed,balanced_reference,balanced,71.182842,3.056777,experiments/results/kiss_icp_kitti_seq_02_full_sweep_matrix.json
kiss_icp,kitti_seq_05_full,gt-backed,dense_profile,dense,4.555696,1.643608,experiments/results/kiss_icp_kitti_seq_05_full_sweep_matrix.json
kiss_icp,kitti_seq_07_full,gt-backed,balanced_reference,balanced (default),2.238005,3.379602,experiments/results/kiss_icp_kitti_seq_07_full_sweep_matrix.json
kiss_icp,kitti_seq_08_full,gt-backed,fast_profile,fast,18.084742,2.230160,experiments/results/kiss_icp_kitti_seq_08_full_sweep_matrix.json
kiss_icp,mcd_kth_day_06_108,gt-backed,fast_recent_map,Fast recent map,5.567867,11.289632,experiments/results/kiss_icp_mcd_kth_day_06_matrix.json
kiss_icp,mcd_ntu_day_02_108,gt-backed,fast_recent_map,Fast recent map,0.025871,66.681982,experiments/results/kiss_icp_mcd_ntu_day_02_matrix.json
kiss_icp,mcd_tuhh_night_09_108,gt-backed,fast_recent_map,Fast recent map,1.302876,24.096147,experiments/results/kiss_icp_mcd_tuhh_night_09_matrix.json
kiss_icp,mulran_parkinglot_120,gt-backed,fast_recent_map,Fast recent map,15.640868,27.259361,experiments/results/kiss_icp_mulran_parkinglot_120_matrix.json
kiss_icp,mulran_parkinglot_full,gt-backed,fast_recent_map,Fast recent map,74.336896,26.851105,experiments/results/kiss_icp_mulran_parkinglot_full_matrix.json
l_lo,kitti_seq_00_full,gt-backed,default,Default,19.030814,4.256767,experiments/results/l_lo_kitti_seq_00_full_matrix.json
l_lo,kitti_seq_02_full,gt-backed,default,Default,58.272008,3.180085,experiments/results/l_lo_kitti_seq_02_full_matrix.json
l_lo,kitti_seq_05_full,gt-backed,default,Default,8.784530,5.297614,experiments/results/l_lo_kitti_seq_05_full_matrix.json
l_lo,kitti_seq_07_full,gt-backed,default,Default,2.045184,5.100472,experiments/results/l_lo_kitti_seq_07_full_matrix.json
l_lo,kitti_seq_08_full,gt-backed,default,Default,32.661959,3.748625,experiments/results/l_lo_kitti_seq_08_full_matrix.json
lego_loam,hdl_400_open_ct_lio_120,reference-based,fast,Fast,0.225549,21.813787,experiments/results/lego_loam_hdl_400_reference_matrix.json
lego_loam,kitti_raw_0009_200,gt-backed,fast,Fast,3.216463,9.939628,experiments/results/lego_loam_kitti_raw_0009_nogt_matrix.json
lego_loam,kitti_raw_0009_200,gt-backed,fast,Fast,3.216463,8.914729,experiments/results/lego_loam_kitti_raw_0009_matrix.json
lego_loam,kitti_raw_0009_full,gt-backed,fast,Fast,6.498303,9.472085,experiments/results/lego_loam_kitti_raw_0009_full_matrix.json
lego_loam,kitti_raw_0061_200,gt-backed,fast,Fast,0.481454,9.650725,experiments/results/lego_loam_kitti_raw_0061_matrix.json
lego_loam,kitti_raw_0061_full,gt-backed,fast,Fast,5.247552,11.120898,experiments/results/lego_loam_kitti_raw_0061_full_matrix.json
lego_loam,kitti_seq_00_full,gt-backed,kitti_default,KITTI default,12.833331,1.380983,experiments/results/lego_loam_kitti_seq_00_full_transfer_matrix.json
lego_loam,kitti_seq_02_full,gt-backed,kitti_default,KITTI default,41.755869,1.046234,experiments/results/lego_loam_kitti_seq_02_full_transfer_matrix.json
lego_loam,kitti_seq_05_full,gt-backed,kitti_default,KITTI default,6.449096,0.803219,experiments/results/lego_loam_kitti_seq_05_full_transfer_matrix.json
lego_loam,kitti_seq_07_full,gt-backed,fast,Fast,4.195782,2.848425,experiments/results/lego_loam_kitti_seq_07_full_sweep_matrix.json
lego_loam,kitti_seq_08_full,gt-backed,kitti_default,KITTI default,17.896468,0.925221,experiments/results/lego_loam_kitti_seq_08_full_transfer_matrix.json
lego_loam,mcd_kth_day_06_108,gt-backed,fast,Fast,6.098881,9.923787,experiments/results/lego_loam_mcd_kth_day_06_matrix.json
lego_loam,mcd_ntu_day_02_108,gt-backed,fast,Fast,0.078650,8.362960,experiments/results/lego_loam_mcd_ntu_day_02_matrix.json
lego_loam,mcd_tuhh_night_09_108,gt-backed,fast,Fast,1.401108,10.053788,experiments/results/lego_loam_mcd_tuhh_night_09_matrix.json
lf_gicp,kitti_seq_00_full,gt-backed,no_mitigation,Vanilla VGICP backend,7.848136,3.754108,experiments/results/lf_gicp_kitti_seq_00_full_matrix.json
lf_gicp,kitti_seq_02_full,gt-backed,no_mitigation,Vanilla VGICP backend,27.185742,3.580422,experiments/results/lf_gicp_kitti_seq_02_full_matrix.json
lf_gicp,kitti_seq_05_full,gt-backed,no_mitigation,Vanilla VGICP backend,5.555945,5.392308,experiments/results/lf_gicp_kitti_seq_05_full_matrix.json
lf_gicp,kitti_seq_07_full,gt-backed,paper_default,Paper default,0.646241,4.124560,experiments/results/lf_gicp_kitti_seq_07_full_matrix.json
lf_gicp,kitti_seq_08_full,gt-backed,no_mitigation,Vanilla VGICP backend,16.280087,2.931235,experiments/results/lf_gicp_kitti_seq_08_full_matrix.json
lins,hdl_400_open_ct_lio_120,reference-based,fast,Fast,29.745231,71.863775,experiments/results/lins_hdl_400_reference_matrix.json
lins,kitti_raw_0009_200,gt-backed,fast,Fast,120.032189,104.959144,experiments/results/lins_kitti_raw_0009_nogt_matrix.json
lins,kitti_raw_0009_200,gt-backed,fast,Fast,120.032189,120.725712,experiments/results/lins_kitti_raw_0009_matrix.json
lins,kitti_raw_0009_full,gt-backed,fast,Fast,183.686427,123.251360,experiments/results/lins_kitti_raw_0009_full_matrix.json
lins,kitti_raw_0061_200,gt-backed,fast,Fast,82.393027,115.246216,experiments/results/lins_kitti_raw_0061_matrix.json
lins,kitti_raw_0061_full,gt-backed,fast,Fast,291.877347,104.745995,experiments/results/lins_kitti_raw_0061_full_matrix.json
lins,mcd_kth_day_06_108,gt-backed,fast,Fast,7.119924,166.095771,experiments/results/lins_mcd_kth_day_06_matrix.json
lins,mcd_ntu_day_02_108,gt-backed,dense,Dense,0.110815,34.902843,experiments/results/lins_mcd_ntu_day_02_matrix.json
lins,mcd_tuhh_night_09_108,gt-backed,fast,Fast,1.146664,173.410275,experiments/results/lins_mcd_tuhh_night_09_matrix.json
lio_sam,hdl_400_open_ct_lio_120,reference-based,fast,Fast,0.201521,18.091640,experiments/results/lio_sam_hdl_400_reference_matrix.json
lio_sam,kitti_raw_0009_200,gt-backed,fast,Fast,2.648951,23.089969,experiments/results/lio_sam_kitti_raw_0009_nogt_matrix.json
lio_sam,kitti_raw_0009_200,gt-backed,fast,Fast,2.648951,24.882991,experiments/results/lio_sam_kitti_raw_0009_matrix.json
lio_sam,kitti_raw_0009_full,gt-backed,fast,Fast,5.295557,20.177324,experiments/results/lio_sam_kitti_raw_0009_full_matrix.json
lio_sam,kitti_raw_0061_200,gt-backed,fast,Fast,0.703993,27.102457,experiments/results/lio_sam_kitti_raw_0061_matrix.json
lio_sam,kitti_raw_0061_full,gt-backed,fast,Fast,6.066975,21.217291,experiments/results/lio_sam_kitti_raw_0061_full_matrix.json
lio_sam,mcd_kth_day_06_108,gt-backed,fast,Fast,6.074348,29.715926,experiments/results/lio_sam_mcd_kth_day_06_matrix.json
lio_sam,mcd_ntu_day_02_108,gt-backed,fast,Fast,0.072989,31.720395,experiments/results/lio_sam_mcd_ntu_day_02_matrix.json
lio_sam,mcd_tuhh_night_09_108,gt-backed,fast,Fast,1.314104,30.021739,experiments/results/lio_sam_mcd_tuhh_night_09_matrix.json
litamin2,autoware_istanbul_open_108,gt-backed,fast_icp_only_half_threads,Fast local-map + ICP-only,1.213391,23.518337,experiments/results/litamin2_profile_matrix.json
litamin2,autoware_istanbul_open_108_b,gt-backed,fast_icp_only_half_threads,Fast local-map + ICP-only,1.221590,20.945227,experiments/results/litamin2_istanbul_window_b_matrix.json
litamin2,autoware_istanbul_open_108_c,gt-backed,paper_icp_only_half_threads,Paper-like 3m + ICP-only,0.741485,17.249127,experiments/results/litamin2_istanbul_window_c_matrix.json
litamin2,hdl_400_open_ct_lio_120,reference-based,fast_cov_half_threads,Fast local-map + covariance,0.111115,80.708405,experiments/results/litamin2_hdl_400_reference_matrix.json
litamin2,hdl_400_open_ct_lio_120_b,reference-based,fast_icp_only_half_threads,Fast local-map + ICP-only,0.168429,5.198294,experiments/results/litamin2_hdl_400_reference_b_matrix.json
litamin2,kitti_raw_0009_200,gt-backed,cluster_t1_seeded,cluster T1 + seed,0.643648,27.871920,experiments/results/litamin2_kitti_raw_0009_200_cluster_t1_matrix.json
litamin2,kitti_raw_0009_200,gt-backed,fast_icp_only_half_threads,Fast local-map + ICP-only,1.066576,31.256240,experiments/results/litamin2_kitti_raw_0009_matrix.json
litamin2,kitti_raw_0009_200,gt-backed,fast_icp_only_half_threads,Fast local-map + ICP-only,6.290480,30.542137,experiments/results/litamin2_kitti_raw_0009_nogt_matrix.json
litamin2,kitti_raw_0009_full,gt-backed,cluster_t1_seeded,cluster T1 + seed,0.676327,18.016554,experiments/results/litamin2_kitti_raw_0009_full_cluster_t1_matrix.json
litamin2,kitti_raw_0009_full,gt-backed,fast_cov_half_threads,Fast local-map + covariance,1.064216,18.854663,experiments/results/litamin2_kitti_raw_0009_full_matrix.json
litamin2,kitti_raw_0061_200,gt-backed,cluster_t1_seeded,cluster T1 + seed,0.516725,48.132843,experiments/results/litamin2_kitti_raw_0061_200_cluster_t1_matrix.json
litamin2,kitti_raw_0061_200,gt-backed,fast_cov_half_threads,Fast local-map + covariance,0.510660,67.739260,experiments/results/litamin2_kitti_raw_0061_matrix.json
litamin2,kitti_raw_0061_full,gt-backed,cluster_t1_seeded,cluster T1 + seed,0.600179,39.773285,experiments/results/litamin2_kitti_raw_0061_full_cluster_t1_matrix.json
litamin2,kitti_raw_0061_full,gt-backed,fast_icp_only_half_threads,Fast local-map + ICP-only,0.943964,58.114664,experiments/results/litamin2_kitti_raw_0061_full_matrix.json
litamin2,kitti_seq_00_full,gt-backed,fast_cov_no_gt_seed,Fast local-map + covariance (pure odometry),110.483920,98.948385,experiments/results/litamin2_kitti_seq_00_full_paper_comp_matrix.json
litamin2,kitti_seq_00_full,gt-backed,fast_icp_only_half_threads,Fast local-map + ICP-only,0.997919,108.859881,experiments/results/litamin2_kitti_seq_00_full_matrix.json
litamin2,kitti_seq_00_full,gt-backed,tuned_voxel1_iter12,Tuned: voxel 1.0 + iter 12 (no GT seed),13.463967,60.947313,experiments/results/litamin2_kitti_seq_00_full_tuned_matrix.json
litamin2,kitti_seq_00_full,gt-backed,tuned_voxel2_iter12_seeded,voxel=2.0 + iter=12 + GT seed,1.117129,86.826678,experiments/results/litamin2_kitti_seq_00_full_tuned_seeded_matrix.json
litamin2,kitti_seq_02_full,gt-backed,cluster_t1_seeded,cluster T1: voxel=0.5 + iter=12 + seed,0.728304,68.312143,experiments/results/litamin2_kitti_seq_02_full_tuned_seeded_matrix.json
litamin2,kitti_seq_02_full,gt-backed,cov_floor_1e_4,Covariance floor: 1e-4,51.894945,91.828586,experiments/results/litamin2_kitti_seq_02_full_correspondence_matrix.json
litamin2,kitti_seq_05_full,gt-backed,fast_seeded_reference,fast + seed (baseline),0.957385,17.170825,experiments/results/litamin2_kitti_seq_05_full_tuned_seeded_matrix.json
litamin2,kitti_seq_05_full,gt-backed,cov_floor_1e_4,Covariance floor: 1e-4,6.565388,93.444935,experiments/results/litamin2_kitti_seq_05_full_correspondence_matrix.json
litamin2,kitti_seq_07_full,gt-backed,fast_seeded_reference,fast + seed (baseline),0.835570,94.731232,experiments/results/litamin2_kitti_seq_07_full_tuned_seeded_matrix.json
litamin2,kitti_seq_07_full,gt-backed,cov_floor_1e_4,Covariance floor: 1e-4,2.201678,106.884652,experiments/results/litamin2_kitti_seq_07_full_correspondence_matrix.json
litamin2,kitti_seq_08_full,gt-backed,fast_seeded_reference,fast + seed (baseline),1.130466,104.915246,experiments/results/litamin2_kitti_seq_08_full_tuned_seeded_matrix.json
litamin2,kitti_seq_08_full,gt-backed,cov_floor_1e_4,Covariance floor: 1e-4,19.672162,94.182589,experiments/results/litamin2_kitti_seq_08_full_correspondence_matrix.json
litamin2,mcd_kth_day_06_108,gt-backed,cluster_t1_seeded,cluster T1 + seed,0.192114,20.058121,experiments/results/litamin2_mcd_kth_day_06_cluster_t1_matrix.json
litamin2,mcd_kth_day_06_108,gt-backed,fast_icp_only_half_threads,Fast local-map + ICP-only,0.401468,91.635910,experiments/results/litamin2_mcd_kth_day_06_matrix.json
litamin2,mcd_ntu_day_02_108,gt-backed,cluster_t1_seeded,cluster T1 + seed,0.020511,43.404453,experiments/results/litamin2_mcd_ntu_day_02_cluster_t1_matrix.json
litamin2,mcd_ntu_day_02_108,gt-backed,paper_icp_only_half_threads,Paper-like 3m + ICP-only,0.045457,81.240234,experiments/results/litamin2_mcd_ntu_day_02_matrix.json
litamin2,mcd_tuhh_night_09_108,gt-backed,cluster_t1_seeded,cluster T1 + seed,0.132465,39.451802,experiments/results/litamin2_mcd_tuhh_night_09_cluster_t1_matrix.json
litamin2,mcd_tuhh_night_09_108,gt-backed,fast_icp_only_half_threads,Fast local-map + ICP-only,0.193749,107.210734,experiments/results/litamin2_mcd_tuhh_night_09_matrix.json
litamin2,mulran_parkinglot_120,gt-backed,cluster_t1_seeded,cluster T1: voxel=0.5 + iter=12 + seed,0.212334,30.597922,experiments/results/litamin2_mulran_parkinglot_120_cluster_t1_matrix.json
litamin2,mulran_parkinglot_120,gt-backed,fast_cov_half_threads,Fast local-map + covariance,0.497612,90.232570,experiments/results/litamin2_mulran_parkinglot_120_matrix.json
litamin2,mulran_parkinglot_full,gt-backed,cluster_t1_seeded,cluster T1: voxel=0.5 + iter=12 + seed,0.302514,34.434342,experiments/results/litamin2_mulran_parkinglot_full_cluster_t1_matrix.json
litamin2,mulran_parkinglot_full,gt-backed,fast_icp_only_half_threads,Fast local-map + ICP-only,0.710731,118.632095,experiments/results/litamin2_mulran_parkinglot_full_matrix.json
litamin2,nclt_2012_12_01_5000,gt-backed,voxel_0_5_t1,Voxel 0.5 + iter 12 (KITTI T1 transfer),0.519153,4.389130,experiments/results/litamin2_nclt_2012_12_01_matrix.json
litamin2,nclt_2013_01_10_600,gt-backed,default_voxel_2_0,Default voxel 2.0,0.379552,14.690228,experiments/results/litamin2_nclt_2013_01_10_matrix.json
loam_livox,hdl_400_open_ct_lio_120,reference-based,default,Default,0.091487,17.783503,experiments/results/loam_livox_hdl_400_reference_matrix.json
loam_livox,kitti_raw_0009_200,gt-backed,fast,Fast,98.811045,43.763362,experiments/results/loam_livox_kitti_raw_0009_matrix.json
loam_livox,kitti_raw_0009_200,gt-backed,fast,Fast,98.811045,40.154718,experiments/results/loam_livox_kitti_raw_0009_nogt_matrix.json
loam_livox,kitti_raw_0009_full,gt-backed,fast,Fast,136.097288,33.066955,experiments/results/loam_livox_kitti_raw_0009_full_matrix.json
loam_livox,kitti_raw_0061_200,gt-backed,fast,Fast,78.137667,50.036120,experiments/results/loam_livox_kitti_raw_0061_matrix.json
loam_livox,kitti_raw_0061_full,gt-backed,fast,Fast,277.147597,36.599518,experiments/results/loam_livox_kitti_raw_0061_full_matrix.json
loam_livox,mcd_kth_day_06_108,gt-backed,fast,Fast,4.095008,66.275199,experiments/results/loam_livox_mcd_kth_day_06_matrix.json
loam_livox,mcd_ntu_day_02_108,gt-backed,fast,Fast,0.137012,68.986739,experiments/results/loam_livox_mcd_ntu_day_02_matrix.json
loam_livox,mcd_tuhh_night_09_108,gt-backed,fast,Fast,1.192143,68.823288,experiments/results/loam_livox_mcd_tuhh_night_09_matrix.json
mulls,hdl_400_open_ct_lio_120,reference-based,fast,Fast,0.875584,9.340595,experiments/results/mulls_hdl_400_reference_matrix.json
mulls,kitti_raw_0009_200,gt-backed,fast,Fast,2.695346,1.204493,experiments/results/mulls_kitti_raw_0009_nogt_matrix.json
mulls,kitti_raw_0009_full,gt-backed,fast,Fast,4.609734,3.337311,experiments/results/mulls_kitti_raw_0009_full_matrix.json
mulls,kitti_raw_0061_200,gt-backed,fast,Fast,0.489837,3.313149,experiments/results/mulls_kitti_raw_0061_matrix.json
mulls,kitti_raw_0061_full,gt-backed,fast,Fast,11.389561,3.276726,experiments/results/mulls_kitti_raw_0061_full_matrix.json
mulls,kitti_seq_00_full,gt-backed,fast,Fast,56.819807,1.793965,experiments/results/mulls_kitti_seq_00_full_transfer_matrix.json
mulls,kitti_seq_02_full,gt-backed,fast,Fast,260.877751,1.722641,experiments/results/mulls_kitti_seq_02_full_transfer_matrix.json
mulls,kitti_seq_05_full,gt-backed,fast,Fast,26.886131,1.721024,experiments/results/mulls_kitti_seq_05_full_transfer_matrix.json
mulls,kitti_seq_07_full,gt-backed,fast,Fast,10.501416,4.132687,experiments/results/mulls_kitti_seq_07_full_sweep_matrix.json
mulls,kitti_seq_08_full,gt-backed,fast,Fast,87.759487,1.693054,experiments/results/mulls_kitti_seq_08_full_transfer_matrix.json
mulls,mcd_kth_day_06_108,gt-backed,fast,Fast,6.296781,4.122743,experiments/results/mulls_mcd_kth_day_06_matrix.json
mulls,mcd_ntu_day_02_108,gt-backed,kitti_default,KITTI default,0.097083,1.170111,experiments/results/mulls_mcd_ntu_day_02_matrix.json
mulls,mcd_tuhh_night_09_108,gt-backed,fast,Fast,1.205852,3.810992,experiments/results/mulls_mcd_tuhh_night_09_matrix.json
ndt,autoware_istanbul_open_108,gt-backed,fast_coarse_map,Fast coarse map,0.069550,2.024432,experiments/results/ndt_profile_matrix.json
ndt,autoware_istanbul_open_108_b,gt-backed,fast_coarse_map,Fast coarse map,0.007267,2.078962,experiments/results/ndt_istanbul_window_b_matrix.json
ndt,autoware_istanbul_open_108_c,gt-backed,fast_coarse_map,Fast coarse map,0.005456,1.947388,experiments/results/ndt_istanbul_window_c_matrix.json
ndt,hdl_400_open_ct_lio_120,reference-based,fast_coarse_map,Fast coarse map,0.051619,32.173744,experiments/results/ndt_hdl_400_reference_matrix.json
ndt,hdl_400_open_ct_lio_120_b,reference-based,fast_coarse_map,Fast coarse map,0.064833,0.858834,experiments/results/ndt_hdl_400_reference_b_matrix.json
ndt,kitti_raw_0009_200,gt-backed,fast_coarse_map,Fast coarse map,0.386173,20.395838,experiments/results/ndt_kitti_raw_0009_matrix.json
ndt,kitti_raw_0009_200,gt-backed,fast_coarse_map,Fast coarse map,121.011822,14.304525,experiments/results/ndt_kitti_raw_0009_nogt_matrix.json
ndt,kitti_raw_0009_full,gt-backed,fast_coarse_map,Fast coarse map,0.298794,14.129858,experiments/results/ndt_kitti_raw_0009_full_matrix.json
ndt,kitti_raw_0061_200,gt-backed,fast_coarse_map,Fast coarse map,0.318844,41.223970,experiments/results/ndt_kitti_raw_0061_matrix.json
ndt,kitti_raw_0061_full,gt-backed,fast_coarse_map,Fast coarse map,0.246965,23.797468,experiments/results/ndt_kitti_raw_0061_full_matrix.json
ndt,kitti_seq_00_full,gt-backed,t1_transfer_r03_i12,T1 (res=0.3+i12),0.022543,11.655821,experiments/results/ndt_kitti_seq_00_full_sweep_matrix.json
ndt,kitti_seq_02_full,gt-backed,t1_transfer_r05_i12,T1 transfer (res=0.5 + iter=12),0.058543,0.225702,experiments/results/ndt_kitti_seq_02_full_t1_confirmation_matrix.json
ndt,kitti_seq_05_full,gt-backed,t1_transfer_r05_i12,T1 transfer (res=0.5 + iter=12),0.059411,0.236466,experiments/results/ndt_kitti_seq_05_full_t1_confirmation_matrix.json
ndt,kitti_seq_07_full,gt-backed,fast_profile,fast profile,0.279466,43.635338,experiments/results/ndt_kitti_seq_07_full_sweep_matrix.json
ndt,kitti_seq_08_full,gt-backed,t1_transfer_r05_i12,T1 transfer (res=0.5 + iter=12),0.076140,0.250023,experiments/results/ndt_kitti_seq_08_full_t1_confirmation_matrix.json
ndt,mcd_kth_day_06_108,gt-backed,fast_coarse_map,Fast coarse map,0.207671,31.211893,experiments/results/ndt_mcd_kth_day_06_matrix.json
ndt,mcd_ntu_day_02_108,gt-backed,balanced_local_map,Balanced local map,0.014334,32.664591,experiments/results/ndt_mcd_ntu_day_02_matrix.json
ndt,mcd_tuhh_night_09_108,gt-backed,fast_coarse_map,Fast coarse map,0.070444,40.826425,experiments/results/ndt_mcd_tuhh_night_09_matrix.json
okvis,kitti_raw_0009_200,gt-backed,fast,Fast,31.399760,523.985294,experiments/results/okvis_kitti_raw_0009_matrix.json
okvis,kitti_raw_0009_full,gt-backed,fast,Fast,108.628535,1146.628889,experiments/results/okvis_kitti_raw_0009_full_matrix.json
okvis,kitti_raw_0061_200,gt-backed,fast,Fast,29.001262,894.663134,experiments/results/okvis_kitti_raw_0061_matrix.json
okvis,kitti_raw_0061_full,gt-backed,fast,Fast,225.666134,1717.136446,experiments/results/okvis_kitti_raw_0061_full_matrix.json
point_lio,hdl_400_open_ct_lio_120,reference-based,fast,Fast,165.820193,69.922756,experiments/results/point_lio_hdl_400_reference_matrix.json
point_lio,kitti_raw_0009_200,gt-backed,fast,Fast,119.890040,95.649174,experiments/results/point_lio_kitti_raw_0009_nogt_matrix.json
point_lio,kitti_raw_0009_200,gt-backed,fast,Fast,119.890040,117.416108,experiments/results/point_lio_kitti_raw_0009_matrix.json
point_lio,kitti_raw_0009_full,gt-backed,fast,Fast,183.383903,113.057758,experiments/results/point_lio_kitti_raw_0009_full_matrix.json
point_lio,kitti_raw_0061_200,gt-backed,fast,Fast,82.450486,92.796271,experiments/results/point_lio_kitti_raw_0061_matrix.json
point_lio,kitti_raw_0061_full,gt-backed,fast,Fast,292.010540,89.509527,experiments/results/point_lio_kitti_raw_0061_full_matrix.json
point_lio,mcd_kth_day_06_108,gt-backed,fast,Fast,7.325300,112.691159,experiments/results/point_lio_mcd_kth_day_06_matrix.json
point_lio,mcd_ntu_day_02_108,gt-backed,fast,Fast,0.082766,77.298267,experiments/results/point_lio_mcd_ntu_day_02_matrix.json
point_lio,mcd_tuhh_night_09_108,gt-backed,fast,Fast,1.158008,88.670076,experiments/results/point_lio_mcd_tuhh_night_09_matrix.json
rko_lio,nclt_2013_01_10_120,gt-backed,no_bias_feedback,Raw gyro prior (gain 0),0.140740,6.926127,experiments/results/rko_lio_nclt_2013_01_10_matrix.json
small_gicp,hdl_400_open_ct_lio_120,reference-based,fast_recent_map,Fast recent map,0.250871,110.327862,experiments/results/small_gicp_hdl_400_reference_matrix.json
small_gicp,kitti_raw_0009_200,gt-backed,balanced_local_map,Balanced local map,2.274801,18.720843,experiments/results/small_gicp_kitti_raw_0009_nogt_matrix.json
small_gicp,kitti_raw_0009_200,gt-backed,fast_recent_map,Fast recent map,0.473329,23.673016,experiments/results/small_gicp_kitti_raw_0009_matrix.json
small_gicp,kitti_raw_0009_full,gt-backed,fast_recent_map,Fast recent map,0.461867,17.293682,experiments/results/small_gicp_kitti_raw_0009_full_matrix.json
small_gicp,kitti_raw_0061_200,gt-backed,fast_recent_map,Fast recent map,0.639192,78.130836,experiments/results/small_gicp_kitti_raw_0061_matrix.json
small_gicp,kitti_raw_0061_full,gt-backed,fast_recent_map,Fast recent map,0.958889,82.222821,experiments/results/small_gicp_kitti_raw_0061_full_matrix.json
small_gicp,kitti_seq_00_full,gt-backed,fast_profile,fast profile,0.890066,106.358587,experiments/results/small_gicp_kitti_seq_00_full_sweep_matrix.json
small_gicp,kitti_seq_00_full,gt-backed,fast_seeded_reference,fast + seed,0.890066,63.339880,experiments/results/small_gicp_kitti_seq_00_full_no_seed_matrix.json
small_gicp,kitti_seq_02_full,gt-backed,fast_profile,fast,0.908677,96.490233,experiments/results/small_gicp_kitti_seq_02_full_sweep_matrix.json
small_gicp,kitti_seq_05_full,gt-backed,fast_profile,fast,0.983601,104.547521,experiments/results/small_gicp_kitti_seq_05_full_sweep_matrix.json
small_gicp,kitti_seq_07_full,gt-backed,fast_profile,fast profile,0.681900,107.663182,experiments/results/small_gicp_kitti_seq_07_full_sweep_matrix.json
small_gicp,kitti_seq_08_full,gt-backed,fast_profile,fast,0.857670,74.594940,experiments/results/small_gicp_kitti_seq_08_full_sweep_matrix.json
small_gicp,mcd_kth_day_06_108,gt-backed,fast_recent_map,Fast recent map,0.805612,107.885394,experiments/results/small_gicp_mcd_kth_day_06_matrix.json
small_gicp,mcd_ntu_day_02_108,gt-backed,dense_recent_map,Dense recent map,0.030740,56.784655,experiments/results/small_gicp_mcd_ntu_day_02_matrix.json
small_gicp,mcd_tuhh_night_09_108,gt-backed,fast_recent_map,Fast recent map,0.466312,107.179868,experiments/results/small_gicp_mcd_tuhh_night_09_matrix.json
small_gicp,nclt_2013_01_10_full,gt-backed,gate_0_5,Gate 0.5 m / 0.1 rad (aggressive),0.347664,9.106247,experiments/results/small_gicp_nclt_2013_01_10_matrix.json
suma,hdl_400_open_ct_lio_120,reference-based,default,Default,0.247666,74.598116,experiments/results/suma_hdl_400_reference_matrix.json
suma,kitti_raw_0009_200,gt-backed,dense,Dense,2.245389,14.599482,experiments/results/suma_kitti_raw_0009_nogt_matrix.json
suma,kitti_raw_0009_200,gt-backed,default,Default,3.376615,19.189738,experiments/results/suma_kitti_raw_0009_matrix.json
suma,kitti_raw_0009_full,gt-backed,dense,Dense,4.072790,15.619824,experiments/results/suma_kitti_raw_0009_full_matrix.json
suma,kitti_raw_0061_200,gt-backed,dense,Dense,1.495999,33.536524,experiments/results/suma_kitti_raw_0061_matrix.json
suma,kitti_raw_0061_full,gt-backed,fast,Fast,32.428710,110.931140,experiments/results/suma_kitti_raw_0061_full_matrix.json
suma,kitti_seq_00_full,gt-backed,dense_profile,dense profile,18.961260,24.174002,experiments/results/suma_kitti_seq_00_full_transfer_matrix.json
suma,kitti_seq_02_full,gt-backed,dense_profile,dense profile,51.910872,24.216214,experiments/results/suma_kitti_seq_02_full_transfer_matrix.json
suma,kitti_seq_05_full,gt-backed,default,default,10.983178,40.331556,experiments/results/suma_kitti_seq_05_full_transfer_matrix.json
suma,kitti_seq_08_full,gt-backed,dense_profile,dense profile,19.290022,26.626118,experiments/results/suma_kitti_seq_08_full_transfer_matrix.json
suma,mcd_kth_day_06_108,gt-backed,fast,Fast,7.418622,150.195655,experiments/results/suma_mcd_kth_day_06_matrix.json
suma,mcd_ntu_day_02_108,gt-backed,dense,Dense,0.035750,33.946904,experiments/results/suma_mcd_ntu_day_02_matrix.json
suma,mcd_tuhh_night_09_108,gt-backed,default,Default,1.413916,59.102805,experiments/results/suma_mcd_tuhh_night_09_matrix.json
vgicp_slam,hdl_400_open_ct_lio_120,reference-based,fast,Fast,0.145467,16.844425,experiments/results/vgicp_slam_hdl_400_reference_matrix.json
vgicp_slam,kitti_raw_0009_200,gt-backed,fast,Fast,1.984735,6.228805,experiments/results/vgicp_slam_kitti_raw_0009_matrix.json
vgicp_slam,kitti_raw_0009_200,gt-backed,default,Default,1.674279,4.371379,experiments/results/vgicp_slam_kitti_raw_0009_nogt_matrix.json
vgicp_slam,kitti_raw_0009_full,gt-backed,fast,Fast,2.901343,8.396597,experiments/results/vgicp_slam_kitti_raw_0009_full_matrix.json
vgicp_slam,kitti_raw_0061_200,gt-backed,fast,Fast,0.903180,30.961040,experiments/results/vgicp_slam_kitti_raw_0061_matrix.json
vgicp_slam,kitti_raw_0061_full,gt-backed,fast,Fast,5.229534,22.762176,experiments/results/vgicp_slam_kitti_raw_0061_full_matrix.json
vgicp_slam,mcd_kth_day_06_108,gt-backed,fast,Fast,6.096382,20.782707,experiments/results/vgicp_slam_mcd_kth_day_06_matrix.json
vgicp_slam,mcd_ntu_day_02_108,gt-backed,fast,Fast,0.026425,40.284951,experiments/results/vgicp_slam_mcd_ntu_day_02_matrix.json
vgicp_slam,mcd_tuhh_night_09_108,gt-backed,fast,Fast,1.321745,21.792757,experiments/results/vgicp_slam_mcd_tuhh_night_09_matrix.json
vins_fusion,kitti_raw_0009_200,gt-backed,fast,Fast,85.802289,83.526232,experiments/results/vins_fusion_kitti_raw_0009_matrix.json
vins_fusion,kitti_raw_0009_full,gt-backed,fast,Fast,136.572287,93.693069,experiments/results/vins_fusion_kitti_raw_0009_full_matrix.json
vins_fusion,kitti_raw_0061_200,gt-backed,fast,Fast,61.903607,255.514219,experiments/results/vins_fusion_kitti_raw_0061_matrix.json
vins_fusion,kitti_raw_0061_full,gt-backed,fast,Fast,257.640925,236.719603,experiments/results/vins_fusion_kitti_raw_0061_full_matrix.json
voxel_gicp,hdl_400_open_ct_lio_120,reference-based,dense_recent_map,Dense recent map,0.268118,141.123882,experiments/results/voxel_gicp_hdl_400_reference_matrix.json
voxel_gicp,kitti_raw_0009_200,gt-backed,fast_recent_map,Fast recent map,22.287972,13.276283,experiments/results/voxel_gicp_kitti_raw_0009_nogt_matrix.json
voxel_gicp,kitti_raw_0009_200,gt-backed,dense_recent_map,Dense recent map,0.644321,23.344892,experiments/results/voxel_gicp_kitti_raw_0009_matrix.json
voxel_gicp,kitti_raw_0009_full,gt-backed,dense_recent_map,Dense recent map,0.614165,27.547389,experiments/results/voxel_gicp_kitti_raw_0009_full_matrix.json
voxel_gicp,kitti_raw_0061_200,gt-backed,dense_recent_map,Dense recent map,1.041175,73.712472,experiments/results/voxel_gicp_kitti_raw_0061_matrix.json
voxel_gicp,kitti_raw_0061_full,gt-backed,dense_recent_map,Dense recent map,1.061610,75.368071,experiments/results/voxel_gicp_kitti_raw_0061_full_matrix.json
voxel_gicp,kitti_seq_00_full,gt-backed,dense_profile,dense profile,1.046692,97.874617,experiments/results/voxel_gicp_kitti_seq_00_full_sweep_matrix.json
voxel_gicp,kitti_seq_00_full,gt-backed,dense_seeded_reference,dense + seed,1.046692,90.772453,experiments/results/voxel_gicp_kitti_seq_00_full_no_seed_matrix.json
voxel_gicp,kitti_seq_02_full,gt-backed,dense_profile,dense,0.944430,84.843596,experiments/results/voxel_gicp_kitti_seq_02_full_sweep_matrix.json
voxel_gicp,kitti_seq_05_full,gt-backed,dense_profile,dense,1.030605,111.075202,experiments/results/voxel_gicp_kitti_seq_05_full_sweep_matrix.json
voxel_gicp,kitti_seq_07_full,gt-backed,dense_profile,dense profile,1.026596,101.374886,experiments/results/voxel_gicp_kitti_seq_07_full_sweep_matrix.json
voxel_gicp,kitti_seq_08_full,gt-backed,dense_profile,dense,0.954888,91.088216,experiments/results/voxel_gicp_kitti_seq_08_full_sweep_matrix.json
voxel_gicp,mcd_kth_day_06_108,gt-backed,dense_recent_map,Dense recent map,0.980738,124.215714,experiments/results/voxel_gicp_mcd_kth_day_06_matrix.json
voxel_gicp,mcd_ntu_day_02_108,gt-backed,dense_recent_map,Dense recent map,0.120636,117.186913,experiments/results/voxel_gicp_mcd_ntu_day_02_matrix.json
voxel_gicp,mcd_tuhh_night_09_108,gt-backed,dense_recent_map,Dense recent map,0.477675,116.353465,experiments/results/voxel_gicp_mcd_tuhh_night_09_matrix.json
xicp,hdl_400_open_ct_lio_120,reference-based,dense,Dense (GT seed),0.167982,71.766427,experiments/results/xicp_hdl_400_reference_matrix.json
xicp,kitti_raw_0009_200,gt-backed,default,Default (GT seed),22.316958,24.610712,experiments/results/xicp_kitti_raw_0009_nogt_matrix.json
xicp,kitti_raw_0009_200,gt-backed,default,Default (GT seed),0.150657,25.172207,experiments/results/xicp_kitti_raw_0009_matrix.json
xicp,kitti_raw_0009_full,gt-backed,dense,Dense (GT seed),0.128501,14.345094,experiments/results/xicp_kitti_raw_0009_full_matrix.json
xicp,kitti_raw_0061_200,gt-backed,fast,Fast (GT seed),0.170936,101.992872,experiments/results/xicp_kitti_raw_0061_matrix.json
xicp,kitti_raw_0061_full,gt-backed,fast,Fast (GT seed),0.202336,104.646193,experiments/results/xicp_kitti_raw_0061_full_matrix.json
xicp,mcd_kth_day_06_108,gt-backed,fast,Fast (GT seed),0.401313,84.829407,experiments/results/xicp_mcd_kth_day_06_matrix.json
xicp,mcd_ntu_day_02_108,gt-backed,dense,Dense (GT seed),0.095175,68.999219,experiments/results/xicp_mcd_ntu_day_02_matrix.json
xicp,mcd_tuhh_night_09_108,gt-backed,dense,Dense (GT seed),0.080524,71.953398,experiments/results/xicp_mcd_tuhh_night_09_matrix.json
